filename,control_ref,standard_id,checklist_item_id,status,confidence,excerpt,inference_source,extracted_at
ISO 27001 workbook Arion Networks.xlsm,A.7.3.9,ISO27701:2019,item:A.7.3.9:proc_complaint_route,present,medium,[Bridge: 27701 A.7.3.9 handling requests requires identity verification of the requestor — 27001 A.5.16 identity management is the general control.] ## Sheet: Access Register PII Systems <table><tr><t,xfw_bridge,2026-08-19 19:12:26.30464+00
ISO 27001 workbook Arion Networks.xlsm,A.7.2.1,ISO27701:2019,item:A.7.2.1:proc_change_control,present,medium,[Bridge: 27701 A.7.2.1 identify and document purpose of PII processing implements 27001 A.5.34 privacy protection through purpose specification — the foundational scoping decision.] ## Sheet: Access R,xfw_bridge,2026-08-19 19:12:26.30464+00
ISO 27001 workbook Arion Networks.xlsm,A.7.2.2,ISO27701:2019,item:A.7.2.2:proc_basis_catalog,present,medium,[Bridge: 27701 A.7.2.2 identifying lawful basis implements 27001 A.5.34 by grounding processing legitimacy in law.] ## Sheet: Access Register PII Systems <table><tr><td>User ID</td><td>Name</td><td>Sy,xfw_bridge,2026-08-19 19:12:26.30464+00
ISO 27001 workbook Arion Networks.xlsm,A.7.2.3,ISO27701:2019,item:A.7.2.3:proc_children_overlay,present,medium,[Bridge: 27701 A.7.2.3 determining when consent is required is a scoping decision that implements 27001 A.5.34 privacy protection.] ## Sheet: Access Register PII Systems <table><tr><td>User ID</td><td,xfw_bridge,2026-08-19 19:12:26.30464+00
ISO 27001 workbook Arion Networks.xlsm,A.7.2.4,ISO27701:2019,item:A.7.2.4:proc_demonstration_pathway,present,medium,[Bridge: 27701 A.7.2.4 obtaining + recording consent operationalises 27001 A.5.34 through evidence of lawful basis.] ## Sheet: Access Register PII Systems <table><tr><td>User ID</td><td>Name</td><td>S,xfw_bridge,2026-08-19 19:12:26.30464+00
ISO 27001 workbook Arion Networks.xlsm,A.7.2.5,ISO27701:2019,item:A.7.2.5:proc_29134_alignment,present,medium,[Bridge: 27701 A.7.2.5 privacy impact assessment operationalises 27001 A.5.34 by identifying + treating PII-specific risks.] ## Sheet: Access Register PII Systems <table><tr><td>User ID</td><td>Name</,xfw_bridge,2026-08-19 19:12:26.30464+00
ISO 27001 workbook Arion Networks.xlsm,A.7.2.7,ISO27701:2019,item:A.7.2.7:proc_arrangement_form,present,medium,[Bridge: Joint controllership is a PII-specific arrangement type under 27001 A.5.34 privacy protection.] ## Sheet: Access Register PII Systems <table><tr><td>User ID</td><td>Name</td><td>System/Applic,xfw_bridge,2026-08-19 19:12:26.30464+00
ISO 27001 workbook Arion Networks.xlsm,A.7.3.1,ISO27701:2019,item:A.7.3.1:proc_accessibility,present,medium,[Bridge: 27701 A.7.3.1 determining + fulfilling PII principal obligations operationalises 27001 A.5.34 privacy protection.] ## Sheet: Access Register PII Systems <table><tr><td>User ID</td><td>Name</t,xfw_bridge,2026-08-19 19:12:26.30464+00
ISO 27001 workbook Arion Networks.xlsm,A.7.3.2,ISO27701:2019,item:A.7.3.2:proc_field_catalog,present,medium,[Bridge: 27701 A.7.3.2 determining information for PII principals scopes the transparency artefacts required by 27001 A.5.34.] ## Sheet: Access Register PII Systems <table><tr><td>User ID</td><td>Name,xfw_bridge,2026-08-19 19:12:26.30464+00
ISO 27001 workbook Arion Networks.xlsm,A.7.3.3,ISO27701:2019,item:A.7.3.3:proc_at_collection,present,medium,[Bridge: 27701 A.7.3.3 providing information to PII principals delivers the transparency artefacts required by 27001 A.5.34.] ## Sheet: Access Register PII Systems <table><tr><td>User ID</td><td>Name<,xfw_bridge,2026-08-19 19:12:26.30464+00
ISO 27001 workbook Arion Networks.xlsm,A.7.3.5,ISO27701:2019,item:A.7.3.5:proc_absolute_objection,present,medium,[Bridge: 27701 A.7.3.5 objection-to-processing mechanism operationalises 27001 A.5.34 respect for principal choice.] ## Sheet: Access Register PII Systems <table><tr><td>User ID</td><td>Name</td><td>S,xfw_bridge,2026-08-19 19:12:26.30464+00
ISO 27001 workbook Arion Networks.xlsm,A.7.3.7,ISO27701:2019,item:A.7.3.7:proc_ack_receipt,present,medium,[Bridge: 27701 A.7.3.7 informing third parties of principal-initiated changes propagates 27001 A.5.34 protection downstream.] ## Sheet: Access Register PII Systems <table><tr><td>User ID</td><td>Name<,xfw_bridge,2026-08-19 19:12:26.30464+00
ISO 27001 workbook Arion Networks.xlsm,A.7.3.8,ISO27701:2019,item:A.7.3.8:proc_deleted_notification,present,medium,[Bridge: 27701 A.7.3.8 providing PII copies to principals operationalises 27001 A.5.34 access-to-own-data protection.] ## Sheet: Access Register PII Systems <table><tr><td>User ID</td><td>Name</td><td,xfw_bridge,2026-08-19 19:12:26.30464+00
ISO 27001 workbook Arion Networks.xlsm,A.7.3.10,ISO27701:2019,item:A.7.3.10:proc_cross_link_art22,present,medium,[Bridge: 27701 A.7.3.10 automated decision-making controls are a PII-specific application of 27001 A.5.34 protection.] ## Sheet: Access Register PII Systems <table><tr><td>User ID</td><td>Name</td><td,xfw_bridge,2026-08-19 19:12:26.30464+00
ISO 27001 workbook Arion Networks.xlsm,A.7.4.1,ISO27701:2019,item:A.7.4.1:proc_default_off,present,medium,[Bridge: 27701 A.7.4.1 limit collection operationalises 27001 A.5.34 minimisation principle at the collection interface.] ## Sheet: Access Register PII Systems <table><tr><td>User ID</td><td>Name</td>,xfw_bridge,2026-08-19 19:12:26.30464+00
ISO 27001 workbook Arion Networks.xlsm,A.7.4.2,ISO27701:2019,item:A.7.4.2:proc_access_limit,present,medium,[Bridge: 27701 A.7.4.2 limit processing operationalises 27001 A.5.34 minimisation principle at the processing layer.] ## Sheet: Access Register PII Systems <table><tr><td>User ID</td><td>Name</td><td>,xfw_bridge,2026-08-19 19:12:26.30464+00
ISO 27001 workbook Arion Networks.xlsm,A.7.4.3,ISO27701:2019,item:A.7.4.3:proc_correction_link,present,medium,[Bridge: 27701 A.7.4.3 accuracy and quality of PII operationalises 27001 A.5.34 data-integrity aspect of privacy protection.] ## Sheet: Access Register PII Systems <table><tr><td>User ID</td><td>Name<,xfw_bridge,2026-08-19 19:12:26.30464+00
ISO 27001 workbook Arion Networks.xlsm,A.7.4.4,ISO27701:2019,item:A.7.4.4:proc_deidentification_technique,present,medium,[Bridge: 27701 A.7.4.4 PII minimisation objectives directly implement 27001 A.5.34 minimisation principle at the policy layer.] ## Sheet: Access Register PII Systems <table><tr><td>User ID</td><td>Nam,xfw_bridge,2026-08-19 19:12:26.30464+00
ISO 27001 workbook Arion Networks.xlsm,A.7.4.6,ISO27701:2019,item:A.7.4.6:proc_disposal_period,present,medium,[Bridge: Temporary-file discipline is a privacy-protection concern under 27001 A.5.34 — transient PII must be cleaned up.] ## Sheet: Access Register PII Systems <table><tr><td>User ID</td><td>Name</td,xfw_bridge,2026-08-19 19:12:26.30464+00
ISO 27001 workbook Arion Networks.xlsm,B.8.3.1,ISO27701:2019,item:B.8.3.1:proc_contract_scope,present,medium,[Bridge: 27701 B.8.3.1 processor obligations to PII principals operationalises 27001 A.5.34 downstream when the processor receives principal requests.] ## Sheet: Access Register PII Systems <table><tr,xfw_bridge,2026-08-19 19:12:26.30464+00
ISO 27001 workbook Arion Networks.xlsm,A.7.2.8,ISO27701:2019,item:A.7.2.8:proc_add_activity,present,medium,"[Bridge: 27701 A.7.2.8 RoPA is a records-program artefact analogous to 27001 A.5.9 asset register — same records-program spine, differs by scope (PII processing activities vs information/associated as",xfw_bridge,2026-08-19 19:12:26.30464+00
ISO 27001 workbook Arion Networks.xlsm,B.8.2.6,ISO27701:2019,item:B.8.2.6:ropa_customer_id,present,medium,[Bridge: 27701 B.8.2.6 processor RoPA is the processor-side records-program artefact analogous to 27001 A.5.9 asset register.] ## Sheet: Access Register PII Systems <table><tr><td>User ID</td><td>Name,xfw_bridge,2026-08-19 19:12:26.30464+00
ISO 27001 workbook Arion Networks.xlsm,A.7.4.5,ISO27701:2019,item:A.7.4.5:proc_deidentification_standard,present,medium,[Bridge: 27701 A.7.4.5 requires reconciling with the asset/data inventory to ensure all copies deleted — asset register (27001 A.5.9) is the reconciliation source.] ## Sheet: Access Register PII Syste,xfw_bridge,2026-08-19 19:12:26.30464+00
ISO 27001 workbook Arion Networks.xlsm,A.7.5.3,ISO27701:2019,item:A.7.5.3:proc_cooperation_channel,present,medium,[Bridge: 27701 A.7.5.3 transfer records are a records-programme artefact — analogous to 27001 A.5.9 asset register discipline for PII transfer events.] ## Sheet: Access Register PII Systems <table><tr,xfw_bridge,2026-08-19 19:12:26.30464+00
ISO 27001 workbook Arion Networks.xlsm,A.7.5.4,ISO27701:2019,item:A.7.5.4:proc_authority_source,present,medium,[Bridge: 27701 A.7.5.4 disclosure records — same records-programme pattern as A.5.9.] ## Sheet: Access Register PII Systems <table><tr><td>User ID</td><td>Name</td><td>System/Application</td><td>Role ,xfw_bridge,2026-08-19 19:12:26.30464+00
ISO 27001 workbook Arion Networks.xlsm,B.8.5.3,ISO27701:2019,item:B.8.5.3:proc_authority_source,present,medium,[Bridge: Disclosure records are a class of information asset under 27001 A.5.9 inventory / lifecycle controls.] ## Sheet: Access Register PII Systems <table><tr><td>User ID</td><td>Name</td><td>System,xfw_bridge,2026-08-19 19:12:26.30464+00
ISO 27001 workbook Arion Networks.xlsm,10.1,ISO27001:2022,item:10.1:reg_action_id,present,high,sheet 'ISMS Schedule' col 'REF ID',workbook,2026-08-19 19:12:28.760638+00
ISO 27001 workbook Arion Networks.xlsm,10.1,ISO27001:2022,item:10.1:reg_owner,present,high,sheet 'ISMS Schedule' col 'OWNER',workbook,2026-08-19 19:12:28.760638+00
ISO 27001 workbook Arion Networks.xlsm,10.1,ISO27001:2022,item:10.1:reg_target_date,partial,medium,sheet 'ISMS Schedule' col 'DUE DATE',workbook,2026-08-19 19:12:28.760638+00
ISO 27001 workbook Arion Networks.xlsm,10.1,ISO27001:2022,item:10.1:reg_status,partial,medium,sheet 'ISMS Schedule' col 'STATUS',workbook,2026-08-19 19:12:28.760638+00
ISO 27001 workbook Arion Networks.xlsm,10.1,ISO27001:2022,item:10.1:reg_dimension,partial,medium,sheet 'ISMS Schedule' col 'TASK',workbook,2026-08-19 19:12:28.760638+00
ISO 27001 workbook Arion Networks.xlsm,10.1,ISO27001:2022,item:10.1:reg_trigger_type,partial,medium,sheet 'ISMS Schedule' col 'PRIORITY',workbook,2026-08-19 19:12:28.760638+00
ISO 27001 workbook Arion Networks.xlsm,6.2,ISO27001:2022,item:6.2:rev_date,present,high,sheet 'ISMS Objectives' col 'Review Date',workbook,2026-08-19 19:12:28.760638+00
ISO 27001 workbook Arion Networks.xlsm,6.2,ISO27001:2022,item:6.2:rev_reviewer,present,high,sheet 'ISMS Objectives' col 'Responsible Party',workbook,2026-08-19 19:12:28.760638+00
ISO 27001 workbook Arion Networks.xlsm,6.2,ISO27001:2022,item:6.2:rev_currency,partial,medium,sheet 'ISMS Objectives' col 'Current Status',workbook,2026-08-19 19:12:28.760638+00
ISO 27001 workbook Arion Networks.xlsm,6.2,ISO27001:2022,item:6.2:rev_alignment,partial,medium,sheet 'ISMS Objectives' col 'Alignment with ISMS Policy',workbook,2026-08-19 19:12:28.760638+00
ISO 27001 workbook Arion Networks.xlsm,6.2,ISO27001:2022,item:6.2:rev_kpi_health,partial,medium,sheet 'ISMS Objectives' col 'Key Performance Indicators (KPIs)',workbook,2026-08-19 19:12:28.760638+00
ISO 27001 workbook Arion Networks.xlsm,A.5.9,ISO27001:2022,item:A.5.9:asset_records,present,high,sheet 'Asset Register' col 'Asset ID',workbook,2026-08-19 19:12:28.760638+00
ISO 27001 workbook Arion Networks.xlsm,A.5.9,ISO27001:2022,item:A.5.9:owner_per_asset,present,high,sheet 'Asset Register' col 'Asset_Owner',workbook,2026-08-19 19:12:28.760638+00
ISO 27001 workbook Arion Networks.xlsm,A.5.9,ISO27001:2022,item:A.5.9:location,present,high,sheet 'Asset Register' col 'Asset_Location',workbook,2026-08-19 19:12:28.760638+00
ISO 27001 workbook Arion Networks.xlsm,A.5.9,ISO27001:2022,item:A.5.9:asset_type,present,high,sheet 'Asset Register' col 'Asset_Type',workbook,2026-08-19 19:12:28.760638+00
ISO 27001 workbook Arion Networks.xlsm,A.5.9,ISO27001:2022,item:A.5.9:dfi_link,present,high,sheet 'Asset Register' col 'Personal Data Types',workbook,2026-08-19 19:12:28.760638+00
ISO 27001 workbook Arion Networks.xlsm,A.5.9,ISO27001:2022,item:A.5.9:classification,present,high,sheet 'Asset Register' col '[group cia_triad_classification: Confidentiality + Integrity + Availability]',workbook,2026-08-19 19:12:28.760638+00
ISO 27001 workbook Arion Networks.xlsm,4.2,ISO27001:2022,item:4.2:requirements,present,high,sheet 'Interested Parties' col 'Compliance Requirements',workbook,2026-08-19 19:12:28.760638+00
ISO 27001 workbook Arion Networks.xlsm,6.1.3,ISO27001:2022,item:6.1.3:soa_all_annex_a,present,high,sheet 'Statement of Applicability' col 'Control ID',workbook,2026-08-19 19:12:28.760638+00
ISO 27001 workbook Arion Networks.xlsm,6.1.3,ISO27001:2022,item:6.1.3:soa_inclusion_status,present,high,sheet 'Statement of Applicability' col 'Applicable',workbook,2026-08-19 19:12:28.760638+00
ISO 27001 workbook Arion Networks.xlsm,6.1.3,ISO27001:2022,item:6.1.3:soa_justification,present,high,sheet 'Statement of Applicability' col 'Justification',workbook,2026-08-19 19:12:28.760638+00
ISO 27001 workbook Arion Networks.xlsm,6.1.3,ISO27001:2022,item:6.1.3:soa_implementation_status,present,high,sheet 'Statement of Applicability' col 'Status',workbook,2026-08-19 19:12:28.760638+00
ISO 27001 workbook Arion Networks.xlsm,6.1.3,ISO27001:2022,item:6.1.3:soa_reference,partial,medium,sheet 'Statement of Applicability' col 'Linked Policies/Processes',workbook,2026-08-19 19:12:28.760638+00
ISO 27001 workbook Arion Networks.xlsm,6.1.2,ISO27001:2022,item:6.1.2:reg_risk_id,present,high,sheet 'Risk Register' col 'Risk ID',workbook,2026-08-19 19:12:28.760638+00
ISO 27001 workbook Arion Networks.xlsm,6.1.2,ISO27001:2022,item:6.1.2:reg_owner,present,high,sheet 'Risk Register' col 'Risk Owner',workbook,2026-08-19 19:12:28.760638+00
ISO 27001 workbook Arion Networks.xlsm,6.1.2,ISO27001:2022,item:6.1.2:reg_description,present,high,sheet 'Risk Register' col '[group risk_description_components: Threat + Vulnerability]',workbook,2026-08-19 19:12:28.760638+00
ISO 27001 workbook Arion Networks.xlsm,6.1.2,ISO27001:2022,item:6.1.2:reg_scoring,present,high,sheet 'Risk Register' col '[group risk_scoring_components: Likelihood + Impact]',workbook,2026-08-19 19:12:28.760638+00
ISO 27001 workbook Arion Networks.xlsm,6.1.3,ISO27001:2022,item:6.1.3:options,present,high,sheet 'Risk Treatment Plan' col 'Treatment Option',workbook,2026-08-19 19:12:28.760638+00
ISO 27001 workbook Arion Networks.xlsm,6.1.3,ISO27001:2022,item:6.1.3:owners,present,high,sheet 'Risk Treatment Plan' col 'Risk Owner',workbook,2026-08-19 19:12:28.760638+00
ISO 27001 workbook Arion Networks.xlsm,6.1.3,ISO27001:2022,item:6.1.3:residual,present,high,sheet 'Risk Treatment Plan' col 'Residual Risk',workbook,2026-08-19 19:12:28.760638+00
ISO 27001 workbook Arion Networks.xlsm,6.1.3,ISO27001:2022,item:6.1.3:controls,present,high,sheet 'Risk Treatment Plan' col 'ISMS Applicable Controls',workbook,2026-08-19 19:12:28.760638+00
ISO 27001 workbook Arion Networks.xlsm,6.1.3,ISO27001:2022,item:6.1.3:approval,partial,medium,sheet 'Risk Treatment Plan' col 'Status',workbook,2026-08-19 19:12:28.760638+00
ISO 27001 workbook Arion Networks.xlsm,6.1.3,ISO27001:2022,item:6.1.3:soa_ref,partial,medium,sheet 'Risk Treatment Plan' col 'Risk ID',workbook,2026-08-19 19:12:28.760638+00
ISO 27001 workbook Arion Networks.xlsm,10.1,ISO27001:2022,item:10.1:rev_date,present,high,sheet 'ISMS Action Tracker' col 'Due Date',workbook,2026-08-19 19:12:28.760638+00
ISO 27001 workbook Arion Networks.xlsm,10.1,ISO27001:2022,item:10.1:rev_reviewer,present,high,sheet 'ISMS Action Tracker' col 'Owner',workbook,2026-08-19 19:12:28.760638+00
ISO 27001 workbook Arion Networks.xlsm,10.1,ISO27001:2022,item:10.1:rev_signal_capture,partial,medium,sheet 'ISMS Action Tracker' col 'Related Risk',workbook,2026-08-19 19:12:28.760638+00
ISO 27001 workbook Arion Networks.xlsm,10.1,ISO27001:2022,item:10.1:rev_closure_quality,partial,medium,sheet 'ISMS Action Tracker' col 'Status',workbook,2026-08-19 19:12:28.760638+00
ISO 27001 workbook Arion Networks.xlsm,10.1,ISO27001:2022,item:10.1:reg_action_id,present,high,sheet 'ISMS Action Tracker' col 'Action ID',workbook,2026-08-19 19:12:28.760638+00
ISO 27001 workbook Arion Networks.xlsm,10.1,ISO27001:2022,item:10.1:reg_owner,present,high,sheet 'ISMS Action Tracker' col 'Owner',workbook,2026-08-19 19:12:28.760638+00
ISO 27001 workbook Arion Networks.xlsm,10.1,ISO27001:2022,item:10.1:reg_target_date,partial,medium,sheet 'ISMS Action Tracker' col 'Due Date',workbook,2026-08-19 19:12:28.760638+00
ISO 27001 workbook Arion Networks.xlsm,10.1,ISO27001:2022,item:10.1:reg_status,partial,medium,sheet 'ISMS Action Tracker' col 'Status',workbook,2026-08-19 19:12:28.760638+00
ISO 27001 workbook Arion Networks.xlsm,A.5.9,ISO27001:2022,item:A.5.9:asset_records,present,high,sheet 'BIA Bus. Impact Ass.' col 'Asset ID',workbook,2026-08-19 19:12:28.760638+00
ISO 27001 workbook Arion Networks.xlsm,A.5.9,ISO27001:2022,item:A.5.9:owner_per_asset,present,high,sheet 'BIA Bus. Impact Ass.' col 'Asset Owner',workbook,2026-08-19 19:12:28.760638+00
ISO 27001 workbook Arion Networks.xlsm,A.5.9,ISO27001:2022,item:A.5.9:location,present,high,sheet 'BIA Bus. Impact Ass.' col 'Asset Location',workbook,2026-08-19 19:12:28.760638+00
ISO 27001 workbook Arion Networks.xlsm,A.5.9,ISO27001:2022,item:A.5.9:asset_type,present,high,sheet 'BIA Bus. Impact Ass.' col 'Asset Type',workbook,2026-08-19 19:12:28.760638+00
ISO 27001 workbook Arion Networks.xlsm,A.5.9,ISO27001:2022,item:A.5.9:dependencies,present,high,sheet 'BIA Bus. Impact Ass.' col 'Dependencies/Comments',workbook,2026-08-19 19:12:28.760638+00
ISO 27001 workbook Arion Networks.xlsm,A.5.9,ISO27001:2022,item:A.5.9:classification,present,high,sheet 'BIA Bus. Impact Ass.' col '[group cia_triad_classification: Confidentiality + Integrity + Availability]',workbook,2026-08-19 19:12:28.760638+00
ISO 27001 workbook Arion Networks.xlsm,A.5.30,ISO27001:2022,item:A.5.30:reg_service_id,present,high,sheet 'BIA Bus. Impact Ass.' col 'Asset ID',workbook,2026-08-19 19:12:28.760638+00
ISO 27001 workbook Arion Networks.xlsm,A.5.30,ISO27001:2022,item:A.5.30:reg_recovery_owner,present,high,sheet 'BIA Bus. Impact Ass.' col 'Asset Owner',workbook,2026-08-19 19:12:28.760638+00
ISO 27001 workbook Arion Networks.xlsm,A.5.30,ISO27001:2022,item:A.5.30:reg_criticality,partial,medium,sheet 'BIA Bus. Impact Ass.' col 'Criticality',workbook,2026-08-19 19:12:28.760638+00
ISO 27001 workbook Arion Networks.xlsm,A.5.30,ISO27001:2022,item:A.5.30:reg_rto_rpo,partial,medium,sheet 'BIA Bus. Impact Ass.' col 'RTO',workbook,2026-08-19 19:12:28.760638+00
ISO 27001 workbook Arion Networks.xlsm,A.5.30,ISO27001:2022,item:A.5.30:reg_dependencies,partial,medium,sheet 'BIA Bus. Impact Ass.' col 'Dependencies/Comments',workbook,2026-08-19 19:12:28.760638+00
ISO 27001 workbook Arion Networks.xlsm,A.5.30,ISO27001:2022,item:A.5.30:reg_asset_link,partial,medium,sheet 'BIA Bus. Impact Ass.' col 'Asset Name',workbook,2026-08-19 19:12:28.760638+00
ISO 27001 workbook Arion Networks.xlsm,A.5.26,ISO27001:2022,item:A.5.26:reg_incident_id,present,high,sheet 'Incident Log' col 'Incident ID',workbook,2026-08-19 19:12:28.760638+00
ISO 27001 workbook Arion Networks.xlsm,A.5.26,ISO27001:2022,item:A.5.26:reg_owner,present,high,sheet 'Incident Log' col 'Owner',workbook,2026-08-19 19:12:28.760638+00
ISO 27001 workbook Arion Networks.xlsm,A.5.26,ISO27001:2022,item:A.5.26:reg_evidence_link,present,high,sheet 'Incident Log' col 'Evidence Collected  (Y/N)',workbook,2026-08-19 19:12:28.760638+00
ISO 27001 workbook Arion Networks.xlsm,A.5.26,ISO27001:2022,item:A.5.26:reg_lifecycle_dates,partial,medium,sheet 'Incident Log' col 'Date',workbook,2026-08-19 19:12:28.760638+00
ISO 27001 workbook Arion Networks.xlsm,A.5.26,ISO27001:2022,item:A.5.26:reg_severity,partial,medium,"sheet 'Incident Log' col 'Breach Classification (InfoSec inc., PII, both, non breach)'",workbook,2026-08-19 19:12:28.760638+00
ISO 27001 workbook Arion Networks.xlsm,A.5.26,ISO27001:2022,item:A.5.26:cls_incident_ref,present,high,sheet 'Incident Log' col 'Incident ID',workbook,2026-08-19 19:12:28.760638+00
ISO 27001 workbook Arion Networks.xlsm,A.5.26,ISO27001:2022,item:A.5.26:cls_authoriser,present,high,sheet 'Incident Log' col 'PII Restoration Authorized By',workbook,2026-08-19 19:12:28.760638+00
ISO 27001 workbook Arion Networks.xlsm,A.5.26,ISO27001:2022,item:A.5.26:cls_gdpr_triggered,present,high,sheet 'Incident Log' col 'PII Involved (Y/N)',workbook,2026-08-19 19:12:28.760638+00
ISO 27001 workbook Arion Networks.xlsm,A.5.26,ISO27001:2022,item:A.5.26:cls_external_notif,present,high,sheet 'Incident Log' col 'Supervisory Authority Notified (Y/N)',workbook,2026-08-19 19:12:28.760638+00
ISO 27001 workbook Arion Networks.xlsm,A.5.26,ISO27001:2022,item:A.5.26:cls_evidence_archive,present,high,sheet 'Incident Log' col 'Evidence Storage Location',workbook,2026-08-19 19:12:28.760638+00
ISO 27001 workbook Arion Networks.xlsm,A.5.26,ISO27001:2022,item:A.5.26:cls_root_cause,partial,medium,sheet 'Incident Log' col 'Description',workbook,2026-08-19 19:12:28.760638+00
ISO 27001 workbook Arion Networks.xlsm,9.2,ISO27001:2022,item:9.2:rec_audit_id,present,high,sheet 'Audit Log' col 'Audit ID',workbook,2026-08-19 19:12:28.760638+00
ISO 27001 workbook Arion Networks.xlsm,9.2,ISO27001:2022,item:9.2:rec_date,present,high,sheet 'Audit Log' col 'Date',workbook,2026-08-19 19:12:28.760638+00
ISO 27001 workbook Arion Networks.xlsm,9.2,ISO27001:2022,item:9.2:rec_scope,present,high,sheet 'Audit Log' col 'Scope',workbook,2026-08-19 19:12:28.760638+00
ISO 27001 workbook Arion Networks.xlsm,9.2,ISO27001:2022,item:9.2:rec_auditor,present,high,sheet 'Audit Log' col 'Auditor',workbook,2026-08-19 19:12:28.760638+00
ISO 27001 workbook Arion Networks.xlsm,9.2,ISO27001:2022,item:9.2:rec_findings,partial,medium,sheet 'Audit Log' col 'Findings',workbook,2026-08-19 19:12:28.760638+00
ISO 27001 workbook Arion Networks.xlsm,9.2,ISO27001:2022,item:9.2:rec_handoff,partial,medium,sheet 'Audit Log' col 'Status',workbook,2026-08-19 19:12:28.760638+00
ISO 27001 workbook Arion Networks.xlsm,9.2,ISO27001:2022,item:9.2:rev_date,present,high,sheet 'Audit Log' col 'Date',workbook,2026-08-19 19:12:28.760638+00
ISO 27001 workbook Arion Networks.xlsm,9.2,ISO27001:2022,item:9.2:rev_reviewer,present,high,sheet 'Audit Log' col 'Auditor',workbook,2026-08-19 19:12:28.760638+00
ISO 27001 workbook Arion Networks.xlsm,9.2,ISO27001:2022,item:9.2:rev_cycle_progress,partial,medium,sheet 'Audit Log' col 'Scope',workbook,2026-08-19 19:12:28.760638+00
ISO 27001 workbook Arion Networks.xlsm,9.2,ISO27001:2022,item:9.2:rev_completion,partial,medium,sheet 'Audit Log' col 'Status',workbook,2026-08-19 19:12:28.760638+00
ISO 27001 workbook Arion Networks.xlsm,9.2,ISO27001:2022,item:9.2:rev_finding_closure,partial,medium,sheet 'Audit Log' col 'Corrective Action ID',workbook,2026-08-19 19:12:28.760638+00
ISO 27001 workbook Arion Networks.xlsm,9.2,ISO27001:2022,item:9.2:rec_audit_id,present,high,sheet 'External Audit Log' col 'Ext Audit ID',workbook,2026-08-19 19:12:28.760638+00
ISO 27001 workbook Arion Networks.xlsm,9.2,ISO27001:2022,item:9.2:rec_date,present,high,sheet 'External Audit Log' col 'Date',workbook,2026-08-19 19:12:28.760638+00
ISO 27001 workbook Arion Networks.xlsm,9.2,ISO27001:2022,item:9.2:rec_auditor,present,high,sheet 'External Audit Log' col 'Auditor',workbook,2026-08-19 19:12:28.760638+00
ISO 27001 workbook Arion Networks.xlsm,9.2,ISO27001:2022,item:9.2:rec_findings,partial,medium,sheet 'External Audit Log' col 'Findings',workbook,2026-08-19 19:12:28.760638+00
ISO 27001 workbook Arion Networks.xlsm,9.2,ISO27001:2022,item:9.2:rec_handoff,partial,medium,sheet 'External Audit Log' col 'Status',workbook,2026-08-19 19:12:28.760638+00
ISO 27001 workbook Arion Networks.xlsm,9.2,ISO27001:2022,item:9.2:rev_date,present,high,sheet 'External Audit Log' col 'Date',workbook,2026-08-19 19:12:28.760638+00
ISO 27001 workbook Arion Networks.xlsm,9.2,ISO27001:2022,item:9.2:rev_reviewer,present,high,sheet 'External Audit Log' col 'Auditor',workbook,2026-08-19 19:12:28.760638+00
ISO 27001 workbook Arion Networks.xlsm,9.2,ISO27001:2022,item:9.2:rev_completion,partial,medium,sheet 'External Audit Log' col 'Status',workbook,2026-08-19 19:12:28.760638+00
ISO 27001 workbook Arion Networks.xlsm,9.2,ISO27001:2022,item:9.2:rev_finding_closure,partial,medium,sheet 'External Audit Log' col 'Corrective Action ID',workbook,2026-08-19 19:12:28.760638+00
ISO 27001 workbook Arion Networks.xlsm,A.6.3,ISO27001:2022,item:A.6.3:rev_date,present,high,sheet 'Training & Awarnesse Record' col 'Date Delivered',workbook,2026-08-19 19:12:28.760638+00
ISO 27001 workbook Arion Networks.xlsm,A.6.3,ISO27001:2022,item:A.6.3:rev_reviewer,present,high,sheet 'Training & Awarnesse Record' col 'Trainer',workbook,2026-08-19 19:12:28.760638+00
ISO 27001 workbook Arion Networks.xlsm,A.6.3,ISO27001:2022,item:A.6.3:rev_next_date,present,high,sheet 'Training & Awarnesse Record' col 'Next Training Date By',workbook,2026-08-19 19:12:28.760638+00
ISO 27001 workbook Arion Networks.xlsm,A.6.3,ISO27001:2022,item:A.6.3:rev_completion_rate,partial,medium,sheet 'Training & Awarnesse Record' col 'Completion Status',workbook,2026-08-19 19:12:28.760638+00
ISO 27001 workbook Arion Networks.xlsm,A.6.3,ISO27001:2022,item:A.6.3:rev_effectiveness,partial,medium,sheet 'Training & Awarnesse Record' col 'Evaluation Results',workbook,2026-08-19 19:12:28.760638+00
ISO 27001 workbook Arion Networks.xlsm,A.6.3,ISO27001:2022,item:A.6.3:rev_curriculum_check,partial,medium,sheet 'Training & Awarnesse Record' col 'Training Title',workbook,2026-08-19 19:12:28.760638+00
ISO 27001 workbook Arion Networks.xlsm,A.6.3,ISO27001:2022,item:A.6.3:rev_register_update,partial,medium,sheet 'Training & Awarnesse Record' col 'Proof of Completion',workbook,2026-08-19 19:12:28.760638+00
ISO 27001 workbook Arion Networks.xlsm,A.5.6,ISO27001:2022,item:A.5.6:sigs_listed,present,high,sheet 'Spec Int Engagement log' col 'Group Name',workbook,2026-08-19 19:12:28.760638+00
ISO 27001 workbook Arion Networks.xlsm,A.5.6,ISO27001:2022,item:A.5.6:owner,present,high,sheet 'Spec Int Engagement log' col 'Assigned To',workbook,2026-08-19 19:12:28.760638+00
ISO 27001 workbook Arion Networks.xlsm,A.5.6,ISO27001:2022,item:A.5.6:topics_shared,partial,medium,sheet 'Spec Int Engagement log' col 'Focus Area',workbook,2026-08-19 19:12:28.760638+00
ISO 27001 workbook Arion Networks.xlsm,A.5.6,ISO27001:2022,item:A.5.6:basis_of_contact,partial,medium,sheet 'Spec Int Engagement log' col 'Engagement Type',workbook,2026-08-19 19:12:28.760638+00
ISO 27001 workbook Arion Networks.xlsm,A.5.6,ISO27001:2022,item:A.5.6:last_engaged,partial,medium,sheet 'Spec Int Engagement log' col 'Last Review Date',workbook,2026-08-19 19:12:28.760638+00
ISO 27001 workbook Arion Networks.xlsm,9.3,ISO27001:2022,item:9.3:rev_date,present,high,sheet 'Management Review Log' col 'Date',workbook,2026-08-19 19:12:28.760638+00
ISO 27001 workbook Arion Networks.xlsm,9.3,ISO27001:2022,item:9.3:rev_reviewer,present,high,sheet 'Management Review Log' col 'Participants',workbook,2026-08-19 19:12:28.760638+00
ISO 27001 workbook Arion Networks.xlsm,9.3,ISO27001:2022,item:9.3:rev_inputs_completeness,partial,medium,sheet 'Management Review Log' col 'Topics Discussed',workbook,2026-08-19 19:12:28.760638+00
ISO 27001 workbook Arion Networks.xlsm,9.3,ISO27001:2022,item:9.3:rev_action_closure,partial,medium,sheet 'Management Review Log' col 'Actions Agreed',workbook,2026-08-19 19:12:28.760638+00
ISO 27001 workbook Arion Networks.xlsm,9.3,ISO27001:2022,item:9.3:rev_cadence_met,partial,medium,sheet 'Management Review Log' col 'Due Date',workbook,2026-08-19 19:12:28.760638+00
ISO 27001 workbook Arion Networks.xlsm,A.8.32,ISO27001:2022,item:A.8.32:rev_date,present,high,sheet 'Change Mgmt Log' col 'Review Date',workbook,2026-08-19 19:12:28.760638+00
ISO 27001 workbook Arion Networks.xlsm,A.8.32,ISO27001:2022,item:A.8.32:rev_reviewer,present,high,sheet 'Change Mgmt Log' col 'Change owner',workbook,2026-08-19 19:12:28.760638+00
ISO 27001 workbook Arion Networks.xlsm,A.8.32,ISO27001:2022,item:A.8.32:rev_register_completeness,partial,medium,sheet 'Change Mgmt Log' col 'Change ID',workbook,2026-08-19 19:12:28.760638+00
ISO 27001 workbook Arion Networks.xlsm,A.8.32,ISO27001:2022,item:A.8.32:rev_emergency_ratio,partial,medium,sheet 'Change Mgmt Log' col 'Change Type',workbook,2026-08-19 19:12:28.760638+00
ISO 27001 workbook Arion Networks.xlsm,A.8.32,ISO27001:2022,item:A.8.32:rev_change_incidents,partial,medium,sheet 'Change Mgmt Log' col 'Impact and Risk Assessment',workbook,2026-08-19 19:12:28.760638+00
ISO 27001 workbook Arion Networks.xlsm,A.8.32,ISO27001:2022,item:A.8.32:rev_findings_update,partial,medium,sheet 'Change Mgmt Log' col 'Review outcome',workbook,2026-08-19 19:12:28.760638+00
ISO 27001 workbook Arion Networks.xlsm,6.3,ISO27001:2022,item:6.3:reg_change_id,present,high,sheet 'Change Mgmt Log' col 'Change ID',workbook,2026-08-19 19:12:28.760638+00
ISO 27001 workbook Arion Networks.xlsm,6.3,ISO27001:2022,item:6.3:reg_change_type,present,high,sheet 'Change Mgmt Log' col 'Change Type',workbook,2026-08-19 19:12:28.760638+00
ISO 27001 workbook Arion Networks.xlsm,6.3,ISO27001:2022,item:6.3:reg_approval,partial,medium,sheet 'Change Mgmt Log' col 'Approval Status',workbook,2026-08-19 19:12:28.760638+00
ISO 27001 workbook Arion Networks.xlsm,6.3,ISO27001:2022,item:6.3:reg_status,partial,medium,sheet 'Change Mgmt Log' col 'Status',workbook,2026-08-19 19:12:28.760638+00
ISO 27001 workbook Arion Networks.xlsm,A.8.32,ISO27001:2022,item:A.8.32:reg_change_id,present,high,sheet 'Change Mgmt Log' col 'Change ID',workbook,2026-08-19 19:12:28.760638+00
ISO 27001 workbook Arion Networks.xlsm,A.8.32,ISO27001:2022,item:A.8.32:reg_outcome,partial,medium,sheet 'Change Mgmt Log' col 'Review outcome',workbook,2026-08-19 19:12:28.760638+00
ISO 27001 workbook Arion Networks.xlsm,7.5,ISO27001:2022,item:7.5:reg_title,present,high,sheet 'Document Cont. Reg.' col 'Document Title',workbook,2026-08-19 19:12:28.760638+00
ISO 27001 workbook Arion Networks.xlsm,7.5,ISO27001:2022,item:7.5:reg_owner,partial,medium,sheet 'Document Cont. Reg.' col 'Owner',workbook,2026-08-19 19:12:28.760638+00
ISO 27001 workbook Arion Networks.xlsm,7.5,ISO27001:2022,item:7.5:reg_version,partial,medium,sheet 'Document Cont. Reg.' col 'Major Version No.',workbook,2026-08-19 19:12:28.760638+00
ISO 27001 workbook Arion Networks.xlsm,7.5,ISO27001:2022,item:7.5:reg_approval_date,partial,medium,sheet 'Document Cont. Reg.' col 'Approval Date',workbook,2026-08-19 19:12:28.760638+00
ISO 27001 workbook Arion Networks.xlsm,7.5,ISO27001:2022,item:7.5:reg_next_review,partial,medium,sheet 'Document Cont. Reg.' col 'Next Review Date',workbook,2026-08-19 19:12:28.760638+00
ISO 27001 workbook Arion Networks.xlsm,9.1,ISO27001:2022,item:9.1:rec_metric_id,present,high,sheet 'Monitoring Log' col 'Monitoring/Measurement ID',workbook,2026-08-19 19:12:28.760638+00
ISO 27001 workbook Arion Networks.xlsm,9.1,ISO27001:2022,item:9.1:rec_value,present,high,sheet 'Monitoring Log' col 'Measurement Results',workbook,2026-08-19 19:12:28.760638+00
ISO 27001 workbook Arion Networks.xlsm,9.1,ISO27001:2022,item:9.1:rec_date,present,high,sheet 'Monitoring Log' col 'Date of Monitoring/Measurement',workbook,2026-08-19 19:12:28.760638+00
ISO 27001 workbook Arion Networks.xlsm,9.1,ISO27001:2022,item:9.1:rec_threshold,present,high,sheet 'Monitoring Log' col 'Target/Benchmark',workbook,2026-08-19 19:12:28.760638+00
ISO 27001 workbook Arion Networks.xlsm,9.1,ISO27001:2022,item:9.1:rec_status,present,high,sheet 'Monitoring Log' col 'Status',workbook,2026-08-19 19:12:28.760638+00
ISO 27001 workbook Arion Networks.xlsm,9.1,ISO27001:2022,item:9.1:rec_owner,present,high,sheet 'Monitoring Log' col 'Owner',workbook,2026-08-19 19:12:28.760638+00
ISO 27001 workbook Arion Networks.xlsm,A.8.1,ISO27001:2022,item:A.8.1:reg_owner,partial,medium,sheet 'User BYOD Compl. Log' col 'Owner',workbook,2026-08-19 19:12:28.760638+00
ISO 27001 workbook Arion Networks.xlsm,A.8.1,ISO27001:2022,item:A.8.1:reg_compliance,partial,medium,sheet 'User BYOD Compl. Log' col 'Security Compliance Status',workbook,2026-08-19 19:12:28.760638+00
ISO 27001 workbook Arion Networks.xlsm,7.4,ISO27001:2022,item:7.4:reg_event_id,present,high,sheet 'Risk Comms Matrix' col 'Risk ID',workbook,2026-08-19 19:12:28.760638+00
ISO 27001 workbook Arion Networks.xlsm,7.4,ISO27001:2022,item:7.4:reg_topic,present,high,sheet 'Risk Comms Matrix' col 'Risk Description',workbook,2026-08-19 19:12:28.760638+00
ISO 27001 workbook Arion Networks.xlsm,7.4,ISO27001:2022,item:7.4:reg_audience,present,high,sheet 'Risk Comms Matrix' col 'Interested Party',workbook,2026-08-19 19:12:28.760638+00
ISO 27001 workbook Arion Networks.xlsm,7.4,ISO27001:2022,item:7.4:reg_channel,present,high,sheet 'Risk Comms Matrix' col 'Comms Method',workbook,2026-08-19 19:12:28.760638+00
ISO 27001 workbook Arion Networks.xlsm,7.4,ISO27001:2022,item:7.4:reg_date,present,high,sheet 'Risk Comms Matrix' col 'Frequency',workbook,2026-08-19 19:12:28.760638+00
ISO 27001 workbook Arion Networks.xlsm,10.2,ISO27001:2022,item:10.2:rev_date,present,high,sheet 'NonConf Act. Tracker' col 'Date Identified',workbook,2026-08-19 19:12:28.760638+00
ISO 27001 workbook Arion Networks.xlsm,10.2,ISO27001:2022,item:10.2:rev_reviewer,present,high,sheet 'NonConf Act. Tracker' col 'Responsible Person/Owner',workbook,2026-08-19 19:12:28.760638+00
ISO 27001 workbook Arion Networks.xlsm,10.2,ISO27001:2022,item:10.2:rev_closure_progress,partial,medium,sheet 'NonConf Act. Tracker' col 'Status',workbook,2026-08-19 19:12:28.760638+00
ISO 27001 workbook Arion Networks.xlsm,10.2,ISO27001:2022,item:10.2:rev_root_cause_quality,partial,medium,sheet 'NonConf Act. Tracker' col 'Root Cause',workbook,2026-08-19 19:12:28.760638+00
ISO 27001 workbook Arion Networks.xlsm,10.2,ISO27001:2022,item:10.2:rev_recurrence_check,partial,medium,sheet 'NonConf Act. Tracker' col 'Verification/Review Outcome',workbook,2026-08-19 19:12:28.760638+00
ISO 27001 workbook Arion Networks.xlsm,A.8.29,ISO27001:2022,item:A.8.29:rev_date,present,high,sheet 'PenTest Sec Ass Log' col 'Test Date',workbook,2026-08-19 19:12:28.760638+00
ISO 27001 workbook Arion Networks.xlsm,A.8.29,ISO27001:2022,item:A.8.29:rev_reviewer,present,high,sheet 'PenTest Sec Ass Log' col 'Tester',workbook,2026-08-19 19:12:28.760638+00
ISO 27001 workbook Arion Networks.xlsm,A.8.29,ISO27001:2022,item:A.8.29:rev_coverage_gaps,partial,medium,sheet 'PenTest Sec Ass Log' col 'Scope',workbook,2026-08-19 19:12:28.760638+00
ISO 27001 workbook Arion Networks.xlsm,A.8.29,ISO27001:2022,item:A.8.29:rev_findings_update,partial,medium,sheet 'PenTest Sec Ass Log' col 'Findings',workbook,2026-08-19 19:12:28.760638+00
ISO 27001 workbook Arion Networks.xlsm,A.8.29,ISO27001:2022,item:A.8.29:rev_pattern_trending,partial,medium,sheet 'PenTest Sec Ass Log' col 'Risk Level',workbook,2026-08-19 19:12:28.760638+00
ISO 27001 workbook Arion Networks.xlsm,A.8.29,ISO27001:2022,item:A.8.29:rev_pen_test_feedback,partial,medium,sheet 'PenTest Sec Ass Log' col 'Remediation Actions',workbook,2026-08-19 19:12:28.760638+00
ISO 27001 workbook Arion Networks.xlsm,A.5.22,ISO27001:2022,item:A.5.22:rev_scope,partial,medium,sheet 'ThirdParty Vendor Risk ' col 'Last Risk Review Date',workbook,2026-08-19 19:12:28.760638+00
ISO 27001 workbook Arion Networks.xlsm,A.5.22,ISO27001:2022,item:A.5.22:rev_findings,partial,medium,sheet 'ThirdParty Vendor Risk ' col 'Risk level',workbook,2026-08-19 19:12:28.760638+00
ISO 27001 workbook Arion Networks.xlsm,A.5.22,ISO27001:2022,item:A.5.22:rev_audit,partial,medium,sheet 'ThirdParty Vendor Risk ' col 'Security Controls in Place',workbook,2026-08-19 19:12:28.760638+00
ISO 27001 workbook Arion Networks.xlsm,A.5.22,ISO27001:2022,item:A.5.22:rev_compliance,partial,medium,sheet 'ThirdParty Vendor Risk ' col 'Compliance Certs',workbook,2026-08-19 19:12:28.760638+00
ISO 27001 workbook Arion Networks.xlsm,A.6.3,ISO27001:2022,item:A.6.3:reg_personnel_id,present,high,sheet 'Business Partners Assessment' col 'Partner Name',workbook,2026-08-19 19:12:28.760638+00
ISO 27001 workbook Arion Networks.xlsm,A.6.3,ISO27001:2022,item:A.6.3:reg_completion_date,present,high,sheet 'Business Partners Assessment' col 'Training Completed',workbook,2026-08-19 19:12:28.760638+00
ISO 27001 workbook Arion Networks.xlsm,A.6.3,ISO27001:2022,item:A.6.3:reg_next_due,present,high,sheet 'Business Partners Assessment' col 'Next Review',workbook,2026-08-19 19:12:28.760638+00
ISO 27001 workbook Arion Networks.xlsm,A.6.3,ISO27001:2022,item:A.6.3:reg_status,present,high,sheet 'Business Partners Assessment' col 'Overall Status',workbook,2026-08-19 19:12:28.760638+00
ISO 27001 workbook Arion Networks.xlsm,A.6.6,ISO27001:2022,item:A.6.6:reg_signatory_id,present,high,sheet 'Business Partners Assessment' col 'Partner Name',workbook,2026-08-19 19:12:28.760638+00
ISO 27001 workbook Arion Networks.xlsm,A.6.6,ISO27001:2022,item:A.6.6:reg_signature_date,present,high,sheet 'Business Partners Assessment' col 'NDA signed',workbook,2026-08-19 19:12:28.760638+00
ISO 27001 workbook Arion Networks.xlsm,A.6.6,ISO27001:2022,item:A.6.6:reg_expiry_or_active,present,high,sheet 'Business Partners Assessment' col 'Overall Status',workbook,2026-08-19 19:12:28.760638+00
ISO 27001 workbook Arion Networks.xlsm,A.5.29,ISO27001:2022,item:A.5.29:rev_date,present,high,sheet 'Business Cont DR Plan' col 'Date Last Updated',workbook,2026-08-19 19:12:28.760638+00
ISO 27001 workbook Arion Networks.xlsm,A.5.29,ISO27001:2022,item:A.5.29:rev_reviewer,present,high,sheet 'Business Cont DR Plan' col 'Owner',workbook,2026-08-19 19:12:28.760638+00
ISO 27001 workbook Arion Networks.xlsm,A.5.29,ISO27001:2022,item:A.5.29:rev_scenario_currency,partial,medium,sheet 'Business Cont DR Plan' col 'Scenario Tested',workbook,2026-08-19 19:12:28.760638+00
ISO 27001 workbook Arion Networks.xlsm,A.5.29,ISO27001:2022,item:A.5.29:rev_test_results,partial,medium,sheet 'Business Cont DR Plan' col 'Exercise Type',workbook,2026-08-19 19:12:28.760638+00
ISO 27001 workbook Arion Networks.xlsm,A.5.29,ISO27001:2022,item:A.5.29:rev_real_divergence,partial,medium,sheet 'Business Cont DR Plan' col 'Issues Identified',workbook,2026-08-19 19:12:28.760638+00
ISO 27001 workbook Arion Networks.xlsm,A.5.29,ISO27001:2022,item:A.5.29:rev_actions,partial,medium,sheet 'Business Cont DR Plan' col 'Action Items',workbook,2026-08-19 19:12:28.760638+00
ISO 27001 workbook Arion Networks.xlsm,A.5.29,ISO27001:2022,item:A.5.29:rev_fallback_validity,partial,medium,sheet 'Business Cont DR Plan' col 'Backup Location',workbook,2026-08-19 19:12:28.760638+00
ISO 27001 workbook Arion Networks.xlsm,A.5.36,ISO27001:2022,item:A.5.36:review_date,present,high,sheet 'Quarterly Security Review' col 'Date',workbook,2026-08-19 19:12:28.760638+00
ISO 27001 workbook Arion Networks.xlsm,A.5.36,ISO27001:2022,item:A.5.36:owner,present,high,sheet 'Quarterly Security Review' col 'Reviewer',workbook,2026-08-19 19:12:28.760638+00
ISO 27001 workbook Arion Networks.xlsm,A.5.36,ISO27001:2022,item:A.5.36:scope,present,high,sheet 'Quarterly Security Review' col 'Scope',workbook,2026-08-19 19:12:28.760638+00
ISO 27001 workbook Arion Networks.xlsm,A.5.36,ISO27001:2022,item:A.5.36:findings,partial,medium,sheet 'Quarterly Security Review' col 'Findings Summary',workbook,2026-08-19 19:12:28.760638+00
ISO 27001 workbook Arion Networks.xlsm,A.5.36,ISO27001:2022,item:A.5.36:corrective_actions,partial,medium,sheet 'Quarterly Security Review' col 'Remidiation Actions?',workbook,2026-08-19 19:12:28.760638+00
ISO 27001 workbook Arion Networks.xlsm,A.5.36,ISO27001:2022,item:A.5.36:method,partial,medium,sheet 'Quarterly Security Review' col 'Details',workbook,2026-08-19 19:12:28.760638+00
ISO 27001 workbook Arion Networks.xlsm,A.5.36,ISO27001:2022,item:A.5.36:schedule,partial,medium,sheet 'Quarterly Security Review' col 'Review Quarter',workbook,2026-08-19 19:12:28.760638+00
ISO 27001 workbook Arion Networks.xlsm,7.2,ISO27001:2022,item:7.2:required_competence,present,high,sheet 'Competence Records' col 'Competency Area',workbook,2026-08-19 19:12:28.760638+00
ISO 27001 workbook Arion Networks.xlsm,7.2,ISO27001:2022,item:7.2:basis_of_competence,present,high,sheet 'Competence Records' col 'Training Required',workbook,2026-08-19 19:12:28.760638+00
ISO 27001 workbook Arion Networks.xlsm,7.2,ISO27001:2022,item:7.2:effectiveness,present,high,sheet 'Competence Records' col 'Assesment Score',workbook,2026-08-19 19:12:28.760638+00
ISO 27001 workbook Arion Networks.xlsm,7.2,ISO27001:2022,item:7.2:documented,present,high,sheet 'Competence Records' col 'Evaluation Date',workbook,2026-08-19 19:12:28.760638+00
ISO 27001 workbook Arion Networks.xlsm,7.2,ISO27001:2022,item:7.2:owner,present,high,sheet 'Competence Records' col 'Employee Name',workbook,2026-08-19 19:12:28.760638+00
ISO 27001 workbook Arion Networks.xlsm,A.5.18,ISO27001:2022,item:A.5.18:reg_subject_asset,present,high,sheet 'Access Rev. Log Non-PII Systems' col '[group subject_asset_mapping: System/Application Name + System/Application Name]',workbook,2026-08-19 19:12:28.760638+00
ISO 27001 workbook Arion Networks.xlsm,A.5.18,ISO27001:2022,item:A.5.18:rev_date_recorded,present,high,sheet 'Access Rev. Log Non-PII Systems' col 'Review Date',workbook,2026-08-19 19:12:28.760638+00
ISO 27001 workbook Arion Networks.xlsm,Art.30,GDPR:2016/679,item:Art.30:dfi_systems,present,high,sheet 'Access Rev. Log Non-PII Systems' col 'System/Application Name',workbook,2026-08-19 19:12:28.760638+00
ISO 27001 workbook Arion Networks.xlsm,A.5.18,ISO27001:2022,item:A.5.18:reg_idmgmt_link,present,high,sheet 'Access Register PII Systems' col 'User ID',workbook,2026-08-19 19:12:28.760638+00
ISO 27001 workbook Arion Networks.xlsm,A.5.18,ISO27001:2022,item:A.5.18:reg_grant_date,present,high,sheet 'Access Register PII Systems' col 'Date Granted',workbook,2026-08-19 19:12:28.760638+00
ISO 27001 workbook Arion Networks.xlsm,A.5.18,ISO27001:2022,item:A.5.18:reg_privileged_flag,present,high,sheet 'Access Register PII Systems' col 'PII Role',workbook,2026-08-19 19:12:28.760638+00
ISO 27001 workbook Arion Networks.xlsm,A.5.18,ISO27001:2022,item:A.5.18:reg_subject_asset,present,high,sheet 'Access Register PII Systems' col '[group subject_asset_mapping: Name + System/Application]',workbook,2026-08-19 19:12:28.760638+00
ISO 27001 workbook Arion Networks.xlsm,A.5.18,ISO27001:2022,item:A.5.18:reg_authoriser,present,high,sheet 'Access Register PII Systems' col '[group authoriser_source: Authorized By + PII Approver]',workbook,2026-08-19 19:12:28.760638+00
ISO 27001 workbook Arion Networks.xlsm,A.5.18,ISO27001:2022,item:A.5.18:reg_last_verified,partial,medium,sheet 'Access Register PII Systems' col 'PII Review Date Quarterly',workbook,2026-08-19 19:12:28.760638+00
ISO 27001 workbook Arion Networks.xlsm,A.5.18,ISO27001:2022,item:A.5.18:reg_status,partial,medium,sheet 'Access Register PII Systems' col '[group status_derived_from_revoke_date: Date of Revoke + Date of Revoke]',workbook,2026-08-19 19:12:28.760638+00
ISO 27001 workbook Arion Networks.xlsm,Art.30,GDPR:2016/679,item:Art.30:dfi_systems,present,high,sheet 'Access Register PII Systems' col 'System/Application',workbook,2026-08-19 19:12:28.760638+00
ISO 27001 workbook Arion Networks.xlsm,6.2,ISO27001:2022,item:6.2:rev_date,present,high,sheet 'Info Sec KPI Metrics Tracker' col 'Review Date',workbook,2026-08-19 19:12:28.760638+00
ISO 27001 workbook Arion Networks.xlsm,9.1,ISO27001:2022,item:9.1:rec_value,present,high,sheet 'Info Sec KPI Metrics Tracker' col 'Baseline Value',workbook,2026-08-19 19:12:28.760638+00
ISO 27001 workbook Arion Networks.xlsm,9.1,ISO27001:2022,item:9.1:rec_date,present,high,sheet 'Info Sec KPI Metrics Tracker' col 'Review Date',workbook,2026-08-19 19:12:28.760638+00
ISO 27001 workbook Arion Networks.xlsm,9.1,ISO27001:2022,item:9.1:rec_threshold,present,high,sheet 'Info Sec KPI Metrics Tracker' col 'Target/Goals',workbook,2026-08-19 19:12:28.760638+00
ISO 27001 workbook Arion Networks.xlsm,9.1,ISO27001:2022,item:9.1:rec_status,present,high,sheet 'Info Sec KPI Metrics Tracker' col 'Status',workbook,2026-08-19 19:12:28.760638+00
ISO 27001 workbook Arion Networks.xlsm,4.2,ISO27001:2022,item:4.2:parties_listed,present,high,sheet 'Internal&External Parties' col 'Nature of the Party',workbook,2026-08-19 19:12:28.760638+00
ISO 27001 workbook Arion Networks.xlsm,4.2,ISO27001:2022,item:4.2:requirements,present,high,sheet 'Internal&External Parties' col 'ISMS Requirement',workbook,2026-08-19 19:12:28.760638+00
ISO 27001 workbook Arion Networks.xlsm,4.2,ISO27001:2022,item:4.2:addressed,present,high,sheet 'Internal&External Parties' col 'ISMS Requirement',workbook,2026-08-19 19:12:28.760638+00
ISO 27001 workbook Arion Networks.xlsm,4.2,ISO27001:2022,item:4.2:reg_scope_link,present,high,sheet 'Internal&External Parties' col 'Category',workbook,2026-08-19 19:12:28.760638+00
ISO 27001 workbook Arion Networks.xlsm,A.5.31,ISO27001:2022,item:A.5.31:rev_date,present,high,sheet 'Legal & Regul. Compl. Register' col 'Last Review Date',workbook,2026-08-19 19:12:28.760638+00
ISO 27001 workbook Arion Networks.xlsm,A.5.31,ISO27001:2022,item:A.5.31:rev_reviewer,present,high,sheet 'Legal & Regul. Compl. Register' col 'Responsible Owner',workbook,2026-08-19 19:12:28.760638+00
ISO 27001 workbook Arion Networks.xlsm,A.5.31,ISO27001:2022,item:A.5.31:rev_per_entry,partial,medium,sheet 'Legal & Regul. Compl. Register' col 'Findings',workbook,2026-08-19 19:12:28.760638+00
ISO 27001 workbook Arion Networks.xlsm,A.5.31,ISO27001:2022,item:A.5.31:rev_scope_check,partial,medium,sheet 'Legal & Regul. Compl. Register' col 'Requirement Name',workbook,2026-08-19 19:12:28.760638+00
ISO 27001 workbook Arion Networks.xlsm,A.5.31,ISO27001:2022,item:A.5.31:rev_horizon,partial,medium,sheet 'Legal & Regul. Compl. Register' col 'Next Review Date',workbook,2026-08-19 19:12:28.760638+00
rt_raci_filled.xlsx,5.3,ISO27001:2022,item:5.3:isms_conformance,present,high,Mutua John (ISMS Manager),templated,2026-08-19 19:01:58.863745+00
rt_raci_filled.xlsx,5.3,ISO27001:2022,item:5.3:performance_reporting,present,high,"Quarterly to Steering, annually to Board via CEO",templated,2026-08-19 19:01:58.863745+00
rt_raci_filled.xlsx,5.3,ISO27001:2022,item:5.3:authorities_assigned,present,high,Accept residual risk > target → ISMS Owner; Declare incident → IR Manager,templated,2026-08-19 19:01:58.863745+00
rt_raci_filled.xlsx,5.3,ISO27001:2022,item:5.3:communicated,present,high,Roles published on Confluence ISMS handbook + announced at monthly all-hands; acknowledged at hire (HR onboarding).,templated,2026-08-19 19:01:58.863745+00
A_5_1_communication_record.xlsx,A.5.1,ISO27001:2022,item:A.5.1:comm_date,present,high,2026-07-29 00:00:00,templated,2026-08-19 19:01:58.479434+00
A_5_1_communication_record.xlsx,A.5.1,ISO27001:2022,item:A.5.1:comm_audience,present,high,All interested parties,templated,2026-08-19 19:01:58.479434+00
A_5_1_communication_record.xlsx,A.5.1,ISO27001:2022,item:A.5.1:comm_channel,present,high,email and training session,templated,2026-08-19 19:01:58.479434+00
A_5_1_annual_review.xlsx,A.5.1,ISO27001:2022,item:A.5.1:review_date,present,high,2029-07-29 00:00:00,templated,2026-08-19 19:01:59.130781+00
A_5_1_annual_review.xlsx,A.5.1,ISO27001:2022,item:A.5.1:review_outcome,present,high,Approvment as per ArionComply findings,templated,2026-08-19 19:01:59.130781+00
A_5_1_annual_review.xlsx,A.5.1,ISO27001:2022,item:A.5.1:review_reviewer,present,high,Zorko Petrusa,templated,2026-08-19 19:01:59.130781+00
ISO 27001 workbook Arion Networks.xlsm,A.5.10,ISO27001:2022,item:A.5.10:scope,present,high,Policy states no sensitive data on laptops or phones,extracted,2026-08-19 19:12:25.65492+00
ISO 27001 workbook Arion Networks.xlsm,A.5.10,ISO27001:2022,item:A.5.10:review_reviewer,present,medium,## Sheet: Access Register PII Systems <table><tr><td>User ID</td><td>Name</td><td>System/Application</td><td>Role in System</td><td>Access Rights</td><td>Scope to PII</td><td>PII Role</td><td>Change T,fingerprint_match,2026-08-19 19:12:25.65492+00
ISO 27001 workbook Arion Networks.xlsm,A.5.15,ISO27001:2022,item:A.5.15:authorisation,present,medium,## Sheet: Access Register PII Systems <table><tr><td>User ID</td><td>Name</td><td>System/Application</td><td>Role in System</td><td>Access Rights</td><td>Scope to PII</td><td>PII Role</td><td>Change T,fingerprint_match,2026-08-19 19:12:25.65492+00
ISO 27001 workbook Arion Networks.xlsm,A.5.15,ISO27001:2022,item:A.5.15:rbac,present,medium,## Sheet: Access Register PII Systems <table><tr><td>User ID</td><td>Name</td><td>System/Application</td><td>Role in System</td><td>Access Rights</td><td>Scope to PII</td><td>PII Role</td><td>Change T,fingerprint_match,2026-08-19 19:12:25.65492+00
ISO 27001 workbook Arion Networks.xlsm,A.5.15,ISO27001:2022,item:A.5.15:approval_signatory,present,medium,## Sheet: Access Register PII Systems <table><tr><td>User ID</td><td>Name</td><td>System/Application</td><td>Role in System</td><td>Access Rights</td><td>Scope to PII</td><td>PII Role</td><td>Change T,fingerprint_match,2026-08-19 19:12:25.65492+00
ISO 27001 workbook Arion Networks.xlsm,A.5.15,ISO27001:2022,item:A.5.15:review_reviewer,present,medium,## Sheet: Access Register PII Systems <table><tr><td>User ID</td><td>Name</td><td>System/Application</td><td>Role in System</td><td>Access Rights</td><td>Scope to PII</td><td>PII Role</td><td>Change T,fingerprint_match,2026-08-19 19:12:25.65492+00
ISO 27001 workbook Arion Networks.xlsm,A.5.16,ISO27001:2022,item:A.5.16:service_accounts,present,medium,## Sheet: Access Register PII Systems <table><tr><td>User ID</td><td>Name</td><td>System/Application</td><td>Role in System</td><td>Access Rights</td><td>Scope to PII</td><td>PII Role</td><td>Change T,fingerprint_match,2026-08-19 19:12:25.65492+00
ISO 27001 workbook Arion Networks.xlsm,A.5.16,ISO27001:2022,item:A.5.16:unique_identity,present,medium,## Sheet: Access Register PII Systems <table><tr><td>User ID</td><td>Name</td><td>System/Application</td><td>Role in System</td><td>Access Rights</td><td>Scope to PII</td><td>PII Role</td><td>Change T,fingerprint_match,2026-08-19 19:12:25.65492+00
ISO 27001 workbook Arion Networks.xlsm,A.5.16,ISO27001:2022,item:A.5.16:reg_identity_id,present,medium,## Sheet: Access Register PII Systems <table><tr><td>User ID</td><td>Name</td><td>System/Application</td><td>Role in System</td><td>Access Rights</td><td>Scope to PII</td><td>PII Role</td><td>Change T,fingerprint_match,2026-08-19 19:12:25.65492+00
ISO 27001 workbook Arion Networks.xlsm,A.5.16,ISO27001:2022,item:A.5.16:reg_owner,present,medium,## Sheet: Access Register PII Systems <table><tr><td>User ID</td><td>Name</td><td>System/Application</td><td>Role in System</td><td>Access Rights</td><td>Scope to PII</td><td>PII Role</td><td>Change T,fingerprint_match,2026-08-19 19:12:25.65492+00
ISO 27001 workbook Arion Networks.xlsm,A.5.16,ISO27001:2022,item:A.5.16:reg_service_expiry,present,medium,## Sheet: Access Register PII Systems <table><tr><td>User ID</td><td>Name</td><td>System/Application</td><td>Role in System</td><td>Access Rights</td><td>Scope to PII</td><td>PII Role</td><td>Change T,fingerprint_match,2026-08-19 19:12:25.65492+00
ISO 27001 workbook Arion Networks.xlsm,A.5.16,ISO27001:2022,item:A.5.16:rev_dual_signoff,present,medium,Annual security awareness training completed</td></tr><tr><td>R008</td><td>AC008</td><td>Implement msft defender or similar</td><td>Provide security awareness training</td><td>Malware or ransomware in,fingerprint_match,2026-08-19 19:12:25.65492+00
ISO 27001 workbook Arion Networks.xlsm,A.5.17,ISO27001:2022,item:A.5.17:complexity,present,medium,Annual security awareness training completed</td></tr><tr><td>R008</td><td>AC008</td><td>Implement msft defender or similar</td><td>Provide security awareness training</td><td>Malware or ransomware in,fingerprint_match,2026-08-19 19:12:25.65492+00
ISO 27001 workbook Arion Networks.xlsm,A.5.17,ISO27001:2022,item:A.5.17:rev_reviewer,present,medium,Log Non-PII Systems <table><tr><td>System/Application Name</td><td>Users Reviewed</td><td>Findings</td><td>Reviewer</td><td>Review Date</td><td>Notes/Comments</td><td>Next Review Date</td></tr><tr><td,fingerprint_match,2026-08-19 19:12:25.65492+00
ISO 27001 workbook Arion Networks.xlsm,A.5.17,ISO27001:2022,item:A.5.17:reg_identity_link,present,medium,## Sheet: Access Register PII Systems <table><tr><td>User ID</td><td>Name</td><td>System/Application</td><td>Role in System</td><td>Access Rights</td><td>Scope to PII</td><td>PII Role</td><td>Change T,fingerprint_match,2026-08-19 19:12:25.65492+00
ISO 27001 workbook Arion Networks.xlsm,A.5.17,ISO27001:2022,item:A.5.17:reg_owner,present,medium,## Sheet: Access Register PII Systems <table><tr><td>User ID</td><td>Name</td><td>System/Application</td><td>Role in System</td><td>Access Rights</td><td>Scope to PII</td><td>PII Role</td><td>Change T,fingerprint_match,2026-08-19 19:12:25.65492+00
ISO 27001 workbook Arion Networks.xlsm,A.5.17,ISO27001:2022,item:A.5.17:reg_scope,present,medium,## Sheet: Access Register PII Systems <table><tr><td>User ID</td><td>Name</td><td>System/Application</td><td>Role in System</td><td>Access Rights</td><td>Scope to PII</td><td>PII Role</td><td>Change T,fingerprint_match,2026-08-19 19:12:25.65492+00
ISO 27001 workbook Arion Networks.xlsm,A.5.18,ISO27001:2022,item:A.5.18:rev_authoriser,present,medium,## Sheet: Access Register PII Systems <table><tr><td>User ID</td><td>Name</td><td>System/Application</td><td>Role in System</td><td>Access Rights</td><td>Scope to PII</td><td>PII Role</td><td>Change T,fingerprint_match,2026-08-19 19:12:25.65492+00
ISO 27001 workbook Arion Networks.xlsm,A.5.18,ISO27001:2022,item:A.5.18:rev_date_recorded,present,medium,## Sheet: Access Register PII Systems <table><tr><td>User ID</td><td>Name</td><td>System/Application</td><td>Role in System</td><td>Access Rights</td><td>Scope to PII</td><td>PII Role</td><td>Change T,fingerprint_match,2026-08-19 19:12:25.65492+00
ISO 27001 workbook Arion Networks.xlsm,A.5.18,ISO27001:2022,item:A.5.18:asset_owner_authorization,present,medium,## Sheet: Access Register PII Systems <table><tr><td>User ID</td><td>Name</td><td>System/Application</td><td>Role in System</td><td>Access Rights</td><td>Scope to PII</td><td>PII Role</td><td>Change T,fingerprint_match,2026-08-19 19:12:25.65492+00
ISO 27001 workbook Arion Networks.xlsm,A.5.18,ISO27001:2022,item:A.5.18:identity_link,present,medium,## Sheet: Access Register PII Systems <table><tr><td>User ID</td><td>Name</td><td>System/Application</td><td>Role in System</td><td>Access Rights</td><td>Scope to PII</td><td>PII Role</td><td>Change T,fingerprint_match,2026-08-19 19:12:25.65492+00
ISO 27001 workbook Arion Networks.xlsm,A.5.18,ISO27001:2022,item:A.5.18:reg_authoriser,present,medium,## Sheet: Access Register PII Systems <table><tr><td>User ID</td><td>Name</td><td>System/Application</td><td>Role in System</td><td>Access Rights</td><td>Scope to PII</td><td>PII Role</td><td>Change T,fingerprint_match,2026-08-19 19:12:25.65492+00
ISO 27001 workbook Arion Networks.xlsm,A.5.18,ISO27001:2022,item:A.5.18:reg_last_verified,present,medium,## Sheet: Asset Register <table><tr><td>Asset ID</td><td>Asset Name</td><td>Asset_Type</td><td>Asset_Owner</td><td>Asset_Location</td><td>Asset Value</td><td>Confidentiality</td><td>Integrity</td><td>,fingerprint_match,2026-08-19 19:12:25.65492+00
ISO 27001 workbook Arion Networks.xlsm,A.5.18,ISO27001:2022,item:A.5.18:reg_subject_asset,present,medium,## Sheet: Access Register PII Systems <table><tr><td>User ID</td><td>Name</td><td>System/Application</td><td>Role in System</td><td>Access Rights</td><td>Scope to PII</td><td>PII Role</td><td>Change T,fingerprint_match,2026-08-19 19:12:25.65492+00
ISO 27001 workbook Arion Networks.xlsm,A.5.18,ISO27001:2022,item:A.5.18:rev_outcome,present,medium,## Sheet: Change Mgmt Log <table><tr><td>Change ID</td><td>Change Type</td><td>Status</td><td>Change owner</td><td>Change requestor</td><td>Date of Request</td><td>Change Description</td><td>Justifica,fingerprint_match,2026-08-19 19:12:25.65492+00
ISO 27001 workbook Arion Networks.xlsm,A.5.18,ISO27001:2022,item:A.5.18:rev_privileged_check,present,medium,## Sheet: Access Register PII Systems <table><tr><td>User ID</td><td>Name</td><td>System/Application</td><td>Role in System</td><td>Access Rights</td><td>Scope to PII</td><td>PII Role</td><td>Change T,fingerprint_match,2026-08-19 19:12:25.65492+00
ISO 27001 workbook Arion Networks.xlsm,A.5.18,ISO27001:2022,item:A.5.18:rev_reviewer,present,medium,Log Non-PII Systems <table><tr><td>System/Application Name</td><td>Users Reviewed</td><td>Findings</td><td>Reviewer</td><td>Review Date</td><td>Notes/Comments</td><td>Next Review Date</td></tr><tr><td,fingerprint_match,2026-08-19 19:12:25.65492+00
ISO 27001 workbook Arion Networks.xlsm,A.5.1,ISO27001:2022,item:A.5.1:roles,present,medium,## Sheet: Access Register PII Systems <table><tr><td>User ID</td><td>Name</td><td>System/Application</td><td>Role in System</td><td>Access Rights</td><td>Scope to PII</td><td>PII Role</td><td>Change T,fingerprint_match,2026-08-19 19:12:25.65492+00
ISO 27001 workbook Arion Networks.xlsm,A.5.20,ISO27001:2022,item:A.5.20:authorized_personnel,present,medium,## Sheet: Access Register PII Systems <table><tr><td>User ID</td><td>Name</td><td>System/Application</td><td>Role in System</td><td>Access Rights</td><td>Scope to PII</td><td>PII Role</td><td>Change T,fingerprint_match,2026-08-19 19:12:25.65492+00
ISO 27001 workbook Arion Networks.xlsm,A.5.23,ISO27001:2022,item:A.5.23:responsibilities,present,medium,## Sheet: Access Register PII Systems <table><tr><td>User ID</td><td>Name</td><td>System/Application</td><td>Role in System</td><td>Access Rights</td><td>Scope to PII</td><td>PII Role</td><td>Change T,fingerprint_match,2026-08-19 19:12:25.65492+00
ISO 27001 workbook Arion Networks.xlsm,A.5.2,ISO27001:2022,item:A.5.2:review_reviewer,present,medium,## Sheet: Access Register PII Systems <table><tr><td>User ID</td><td>Name</td><td>System/Application</td><td>Role in System</td><td>Access Rights</td><td>Scope to PII</td><td>PII Role</td><td>Change T,fingerprint_match,2026-08-19 19:12:25.65492+00
ISO 27001 workbook Arion Networks.xlsm,A.5.2,ISO27001:2022,item:A.5.2:approval_signatory,present,medium,## Sheet: Access Register PII Systems <table><tr><td>User ID</td><td>Name</td><td>System/Application</td><td>Role in System</td><td>Access Rights</td><td>Scope to PII</td><td>PII Role</td><td>Change T,fingerprint_match,2026-08-19 19:12:25.65492+00
ISO 27001 workbook Arion Networks.xlsm,A.5.2,ISO27001:2022,item:A.5.2:roles_enumerated,present,medium,## Sheet: Access Register PII Systems <table><tr><td>User ID</td><td>Name</td><td>System/Application</td><td>Role in System</td><td>Access Rights</td><td>Scope to PII</td><td>PII Role</td><td>Change T,fingerprint_match,2026-08-19 19:12:25.65492+00
ISO 27001 workbook Arion Networks.xlsm,A.5.34,ISO27001:2022,item:A.5.34:pii_inventory,present,medium,## Sheet: Access Register PII Systems <table><tr><td>User ID</td><td>Name</td><td>System/Application</td><td>Role in System</td><td>Access Rights</td><td>Scope to PII</td><td>PII Role</td><td>Change T,fingerprint_match,2026-08-19 19:12:25.65492+00
ISO 27001 workbook Arion Networks.xlsm,A.5.34,ISO27001:2022,item:A.5.34:reg_owner_per_activity,present,medium,## Sheet: Asset Register <table><tr><td>Asset ID</td><td>Asset Name</td><td>Asset_Type</td><td>Asset_Owner</td><td>Asset_Location</td><td>Asset Value</td><td>Confidentiality</td><td>Integrity</td><td>,fingerprint_match,2026-08-19 19:12:25.65492+00
ISO 27001 workbook Arion Networks.xlsm,A.5.34,ISO27001:2022,item:A.5.34:applicable_laws,present,medium,## Sheet: Interested Parties - Acceptable use policies (internal) - Internal audit findings (internal) - Corporate governance and ethics guidelines (internal) - Legal & Regulatory: Data protection law,fingerprint_match,2026-08-19 19:12:25.65492+00
ISO 27001 workbook Arion Networks.xlsm,A.5.4,ISO27001:2022,item:A.5.4:scope_personnel,present,medium,## Sheet: Access Register PII Systems <table><tr><td>User ID</td><td>Name</td><td>System/Application</td><td>Role in System</td><td>Access Rights</td><td>Scope to PII</td><td>PII Role</td><td>Change T,fingerprint_match,2026-08-19 19:12:25.65492+00
ISO 27001 workbook Arion Networks.xlsm,A.5.8,ISO27001:2022,item:A.5.8:role,present,medium,## Sheet: Access Register PII Systems <table><tr><td>User ID</td><td>Name</td><td>System/Application</td><td>Role in System</td><td>Access Rights</td><td>Scope to PII</td><td>PII Role</td><td>Change T,fingerprint_match,2026-08-19 19:12:25.65492+00
ISO 27001 workbook Arion Networks.xlsm,A.5.9,ISO27001:2022,item:A.5.9:asset_records,present,medium,## Sheet: Access Register PII Systems <table><tr><td>User ID</td><td>Name</td><td>System/Application</td><td>Role in System</td><td>Access Rights</td><td>Scope to PII</td><td>PII Role</td><td>Change T,fingerprint_match,2026-08-19 19:12:25.65492+00
ISO 27001 workbook Arion Networks.xlsm,A.5.9,ISO27001:2022,item:A.5.9:classification,present,medium,## Sheet: Asset Register <table><tr><td>Asset ID</td><td>Asset Name</td><td>Asset_Type</td><td>Asset_Owner</td><td>Asset_Location</td><td>Asset Value</td><td>Confidentiality</td><td>Integrity</td><td>,fingerprint_match,2026-08-19 19:12:25.65492+00
ISO 27001 workbook Arion Networks.xlsm,A.5.9,ISO27001:2022,item:A.5.9:location,present,medium,## Sheet: Asset Register <table><tr><td>Asset ID</td><td>Asset Name</td><td>Asset_Type</td><td>Asset_Owner</td><td>Asset_Location</td><td>Asset Value</td><td>Confidentiality</td><td>Integrity</td><td>,fingerprint_match,2026-08-19 19:12:25.65492+00
ISO 27001 workbook Arion Networks.xlsm,A.5.9,ISO27001:2022,item:A.5.9:owner_per_asset,present,medium,## Sheet: Access Register PII Systems <table><tr><td>User ID</td><td>Name</td><td>System/Application</td><td>Role in System</td><td>Access Rights</td><td>Scope to PII</td><td>PII Role</td><td>Change T,fingerprint_match,2026-08-19 19:12:25.65492+00
ISO 27001 workbook Arion Networks.xlsm,A.6.4,ISO27001:2022,item:A.6.4:decision_authority,present,medium,## Sheet: Access Register PII Systems <table><tr><td>User ID</td><td>Name</td><td>System/Application</td><td>Role in System</td><td>Access Rights</td><td>Scope to PII</td><td>PII Role</td><td>Change T,fingerprint_match,2026-08-19 19:12:25.65492+00
ISO 27001 workbook Arion Networks.xlsm,A.8.2,ISO27001:2022,item:A.8.2:bl_admin_tools_restricted,present,medium,## Sheet: Access Register PII Systems <table><tr><td>User ID</td><td>Name</td><td>System/Application</td><td>Role in System</td><td>Access Rights</td><td>Scope to PII</td><td>PII Role</td><td>Change T,fingerprint_match,2026-08-19 19:12:25.65492+00
ISO 27001 workbook Arion Networks.xlsm,A.8.2,ISO27001:2022,item:A.8.2:bl_role_catalogue,present,medium,## Sheet: Access Register PII Systems <table><tr><td>User ID</td><td>Name</td><td>System/Application</td><td>Role in System</td><td>Access Rights</td><td>Scope to PII</td><td>PII Role</td><td>Change T,fingerprint_match,2026-08-19 19:12:25.65492+00
ISO 27001 workbook Arion Networks.xlsm,A.8.2,ISO27001:2022,item:A.8.2:bl_systems_in_scope,present,medium,## Sheet: Access Register PII Systems <table><tr><td>User ID</td><td>Name</td><td>System/Application</td><td>Role in System</td><td>Access Rights</td><td>Scope to PII</td><td>PII Role</td><td>Change T,fingerprint_match,2026-08-19 19:12:25.65492+00
ISO 27001 workbook Arion Networks.xlsm,A.8.2,ISO27001:2022,item:A.8.2:proc_expiry,present,medium,## Sheet: Access Register PII Systems <table><tr><td>User ID</td><td>Name</td><td>System/Application</td><td>Role in System</td><td>Access Rights</td><td>Scope to PII</td><td>PII Role</td><td>Change T,fingerprint_match,2026-08-19 19:12:25.65492+00
ISO 27001 workbook Arion Networks.xlsm,A.8.2,ISO27001:2022,item:A.8.2:rc_per_account,present,high,"Full admin access to all Azure AD and M365 services, user management, security settings	Full PII	Privileged",extracted,2026-08-19 19:12:25.65492+00
ISO 27001 workbook Arion Networks.xlsm,A.8.2,ISO27001:2022,item:A.8.2:log_who,present,medium,## Sheet: Access Register PII Systems <table><tr><td>User ID</td><td>Name</td><td>System/Application</td><td>Role in System</td><td>Access Rights</td><td>Scope to PII</td><td>PII Role</td><td>Change T,fingerprint_match,2026-08-19 19:12:25.65492+00
ISO 27001 workbook Arion Networks.xlsm,A.8.34,ISO27001:2022,item:A.8.34:rev_reviewer,present,medium,Log Non-PII Systems <table><tr><td>System/Application Name</td><td>Users Reviewed</td><td>Findings</td><td>Reviewer</td><td>Review Date</td><td>Notes/Comments</td><td>Next Review Date</td></tr><tr><td,fingerprint_match,2026-08-19 19:12:25.65492+00
ISO 27001 workbook Arion Networks.xlsm,A.8.3,ISO27001:2022,item:A.8.3:rev_reviewer,present,medium,## Sheet: Access Register PII Systems <table><tr><td>User ID</td><td>Name</td><td>System/Application</td><td>Role in System</td><td>Access Rights</td><td>Scope to PII</td><td>PII Role</td><td>Change T,fingerprint_match,2026-08-19 19:12:25.65492+00
ISO 27001 workbook Arion Networks.xlsm,A.8.5,ISO27001:2022,item:A.8.5:rev_baseline_update,present,medium,## Sheet: Business Cont DR Plan - Full Test - Document Review <table><tr><td>BCDR ID</td><td>Plan Name</td><td>Owner</td><td>Date Last Updated</td><td>Critical Systems Covered</td><td>Recover Objectiv,fingerprint_match,2026-08-19 19:12:25.65492+00
ISO 27001 workbook Arion Networks.xlsm,A.8.5,ISO27001:2022,item:A.8.5:rev_reviewer,present,medium,Log Non-PII Systems <table><tr><td>System/Application Name</td><td>Users Reviewed</td><td>Findings</td><td>Reviewer</td><td>Review Date</td><td>Notes/Comments</td><td>Next Review Date</td></tr><tr><td,fingerprint_match,2026-08-19 19:12:25.65492+00
ISO 27001 workbook Arion Networks.xlsm,Art.30,GDPR:2016/679,item:Art.30:categories_data,present,medium,## Sheet: Access Register PII Systems <table><tr><td>User ID</td><td>Name</td><td>System/Application</td><td>Role in System</td><td>Access Rights</td><td>Scope to PII</td><td>PII Role</td><td>Change T,fingerprint_match,2026-08-19 19:12:25.65492+00
ISO 27001 workbook Arion Networks.xlsm,A.5.2,ISO27001:2022,item:A.5.2:review_date,present,medium,## Sheet: Access Register PII Systems <table><tr><td>User ID</td><td>Name</td><td>System/Application</td><td>Role in System</td><td>Access Rights</td><td>Scope to PII</td><td>PII Role</td><td>Change T,fingerprint_match,2026-08-19 19:12:25.65492+00
ISO 27001 workbook Arion Networks.xlsm,A.5.2,ISO27001:2022,item:A.5.2:review_outcome,present,medium,## Sheet: Access Register PII Systems <table><tr><td>User ID</td><td>Name</td><td>System/Application</td><td>Role in System</td><td>Access Rights</td><td>Scope to PII</td><td>PII Role</td><td>Change T,fingerprint_match,2026-08-19 19:12:25.65492+00
ISO 27001 workbook Arion Networks.xlsm,A.5.2,ISO27001:2022,item:A.5.2:comm_audience,present,medium,## Sheet: Access Register PII Systems <table><tr><td>User ID</td><td>Name</td><td>System/Application</td><td>Role in System</td><td>Access Rights</td><td>Scope to PII</td><td>PII Role</td><td>Change T,fingerprint_match,2026-08-19 19:12:25.65492+00
ISO 27001 workbook Arion Networks.xlsm,A.5.2,ISO27001:2022,item:A.5.2:comm_channel,present,medium,## Sheet: Access Register PII Systems <table><tr><td>User ID</td><td>Name</td><td>System/Application</td><td>Role in System</td><td>Access Rights</td><td>Scope to PII</td><td>PII Role</td><td>Change T,fingerprint_match,2026-08-19 19:12:25.65492+00
ISO 27001 workbook Arion Networks.xlsm,A.5.2,ISO27001:2022,item:A.5.2:approval_target,present,medium,## Sheet: Audit Log - Risk Impact - High - Medium - Low <table><tr><td>Audit ID</td><td>Date</td><td>Scope</td><td>Auditor</td><td>Finding ID</td><td>Findings</td><td>Risk Impact</td><td>Corrective Ac,fingerprint_match,2026-08-19 19:12:25.65492+00
ISO 27001 workbook Arion Networks.xlsm,A.5.2,ISO27001:2022,item:A.5.2:asset_owner_resp,present,medium,## Sheet: Access Register PII Systems <table><tr><td>User ID</td><td>Name</td><td>System/Application</td><td>Role in System</td><td>Access Rights</td><td>Scope to PII</td><td>PII Role</td><td>Change T,fingerprint_match,2026-08-19 19:12:25.65492+00
ISO 27001 workbook Arion Networks.xlsm,A.5.2,ISO27001:2022,item:A.5.2:topic_alignment,present,medium,## Sheet: Access Register PII Systems <table><tr><td>User ID</td><td>Name</td><td>System/Application</td><td>Role in System</td><td>Access Rights</td><td>Scope to PII</td><td>PII Role</td><td>Change T,fingerprint_match,2026-08-19 19:12:25.65492+00
ISO 27001 workbook Arion Networks.xlsm,A.5.2,ISO27001:2022,item:A.5.2:reporting_lines,present,medium,## Sheet: Access Register PII Systems <table><tr><td>User ID</td><td>Name</td><td>System/Application</td><td>Role in System</td><td>Access Rights</td><td>Scope to PII</td><td>PII Role</td><td>Change T,fingerprint_match,2026-08-19 19:12:25.65492+00
ISO 27001 workbook Arion Networks.xlsm,A.5.3,ISO27001:2022,item:A.5.3:conflict_pairs,present,medium,## Sheet: Access Register PII Systems <table><tr><td>User ID</td><td>Name</td><td>System/Application</td><td>Role in System</td><td>Access Rights</td><td>Scope to PII</td><td>PII Role</td><td>Change T,fingerprint_match,2026-08-19 19:12:25.65492+00
ISO 27001 workbook Arion Networks.xlsm,A.5.4,ISO27001:2022,item:A.5.4:mandate_statement,present,medium,## Sheet: Access Register PII Systems <table><tr><td>User ID</td><td>Name</td><td>System/Application</td><td>Role in System</td><td>Access Rights</td><td>Scope to PII</td><td>PII Role</td><td>Change T,fingerprint_match,2026-08-19 19:12:25.65492+00
ISO 27001 workbook Arion Networks.xlsm,A.5.4,ISO27001:2022,item:A.5.4:competence_link,present,medium,## Sheet: Access Register PII Systems <table><tr><td>User ID</td><td>Name</td><td>System/Application</td><td>Role in System</td><td>Access Rights</td><td>Scope to PII</td><td>PII Role</td><td>Change T,fingerprint_match,2026-08-19 19:12:25.65492+00
ISO 27001 workbook Arion Networks.xlsm,A.5.15,ISO27001:2022,item:A.5.15:review_date,present,medium,## Sheet: Access Register PII Systems <table><tr><td>User ID</td><td>Name</td><td>System/Application</td><td>Role in System</td><td>Access Rights</td><td>Scope to PII</td><td>PII Role</td><td>Change T,fingerprint_match,2026-08-19 19:12:25.65492+00
ISO 27001 workbook Arion Networks.xlsm,A.5.15,ISO27001:2022,item:A.5.15:review_outcome,present,medium,## Sheet: Access Register PII Systems <table><tr><td>User ID</td><td>Name</td><td>System/Application</td><td>Role in System</td><td>Access Rights</td><td>Scope to PII</td><td>PII Role</td><td>Change T,fingerprint_match,2026-08-19 19:12:25.65492+00
ISO 27001 workbook Arion Networks.xlsm,A.5.15,ISO27001:2022,item:A.5.15:review_estate,present,medium,## Sheet: Access Register PII Systems <table><tr><td>User ID</td><td>Name</td><td>System/Application</td><td>Role in System</td><td>Access Rights</td><td>Scope to PII</td><td>PII Role</td><td>Change T,fingerprint_match,2026-08-19 19:12:25.65492+00
ISO 27001 workbook Arion Networks.xlsm,A.5.15,ISO27001:2022,item:A.5.15:comm_audience,present,medium,## Sheet: Access Register PII Systems <table><tr><td>User ID</td><td>Name</td><td>System/Application</td><td>Role in System</td><td>Access Rights</td><td>Scope to PII</td><td>PII Role</td><td>Change T,fingerprint_match,2026-08-19 19:12:25.65492+00
ISO 27001 workbook Arion Networks.xlsm,A.5.15,ISO27001:2022,item:A.5.15:comm_channel,present,medium,## Sheet: Access Register PII Systems <table><tr><td>User ID</td><td>Name</td><td>System/Application</td><td>Role in System</td><td>Access Rights</td><td>Scope to PII</td><td>PII Role</td><td>Change T,fingerprint_match,2026-08-19 19:12:25.65492+00
ISO 27001 workbook Arion Networks.xlsm,A.5.15,ISO27001:2022,item:A.5.15:comm_decision_makers,present,medium,## Sheet: Access Register PII Systems <table><tr><td>User ID</td><td>Name</td><td>System/Application</td><td>Role in System</td><td>Access Rights</td><td>Scope to PII</td><td>PII Role</td><td>Change T,fingerprint_match,2026-08-19 19:12:25.65492+00
ISO 27001 workbook Arion Networks.xlsm,A.5.15,ISO27001:2022,item:A.5.15:approval_date,present,medium,## Sheet: Access Register PII Systems <table><tr><td>User ID</td><td>Name</td><td>System/Application</td><td>Role in System</td><td>Access Rights</td><td>Scope to PII</td><td>PII Role</td><td>Change T,fingerprint_match,2026-08-19 19:12:25.65492+00
ISO 27001 workbook Arion Networks.xlsm,A.5.15,ISO27001:2022,item:A.5.15:approval_target,present,medium,## Sheet: Access Register PII Systems <table><tr><td>User ID</td><td>Name</td><td>System/Application</td><td>Role in System</td><td>Access Rights</td><td>Scope to PII</td><td>PII Role</td><td>Change T,fingerprint_match,2026-08-19 19:12:25.65492+00
ISO 27001 workbook Arion Networks.xlsm,A.5.15,ISO27001:2022,item:A.5.15:need_to_know,present,medium,## Sheet: Access Register PII Systems <table><tr><td>User ID</td><td>Name</td><td>System/Application</td><td>Role in System</td><td>Access Rights</td><td>Scope to PII</td><td>PII Role</td><td>Change T,fingerprint_match,2026-08-19 19:12:25.65492+00
ISO 27001 workbook Arion Networks.xlsm,A.5.15,ISO27001:2022,item:A.5.15:segregation_link,present,medium,## Sheet: Access Register PII Systems <table><tr><td>User ID</td><td>Name</td><td>System/Application</td><td>Role in System</td><td>Access Rights</td><td>Scope to PII</td><td>PII Role</td><td>Change T,fingerprint_match,2026-08-19 19:12:25.65492+00
ISO 27001 workbook Arion Networks.xlsm,A.5.15,ISO27001:2022,item:A.5.15:logical_rules,present,medium,## Sheet: Access Register PII Systems <table><tr><td>User ID</td><td>Name</td><td>System/Application</td><td>Role in System</td><td>Access Rights</td><td>Scope to PII</td><td>PII Role</td><td>Change T,fingerprint_match,2026-08-19 19:12:25.65492+00
ISO 27001 workbook Arion Networks.xlsm,A.5.15,ISO27001:2022,item:A.5.15:physical_rules,present,medium,## Sheet: Access Register PII Systems <table><tr><td>User ID</td><td>Name</td><td>System/Application</td><td>Role in System</td><td>Access Rights</td><td>Scope to PII</td><td>PII Role</td><td>Change T,fingerprint_match,2026-08-19 19:12:25.65492+00
ISO 27001 workbook Arion Networks.xlsm,A.5.16,ISO27001:2022,item:A.5.16:rev_identity_ref,present,medium,Log Non-PII Systems <table><tr><td>System/Application Name</td><td>Users Reviewed</td><td>Findings</td><td>Reviewer</td><td>Review Date</td><td>Notes/Comments</td><td>Next Review Date</td></tr><tr><td,fingerprint_match,2026-08-19 19:12:25.65492+00
ISO 27001 workbook Arion Networks.xlsm,A.5.16,ISO27001:2022,item:A.5.16:rev_trigger_type,present,medium,Annual security awareness training completed</td></tr><tr><td>R008</td><td>AC008</td><td>Implement msft defender or similar</td><td>Provide security awareness training</td><td>Malware or ransomware in,fingerprint_match,2026-08-19 19:12:25.65492+00
ISO 27001 workbook Arion Networks.xlsm,A.5.16,ISO27001:2022,item:A.5.16:rev_effective_date,present,medium,## Sheet: Access Register PII Systems <table><tr><td>User ID</td><td>Name</td><td>System/Application</td><td>Role in System</td><td>Access Rights</td><td>Scope to PII</td><td>PII Role</td><td>Change T,fingerprint_match,2026-08-19 19:12:25.65492+00
ISO 27001 workbook Arion Networks.xlsm,A.5.16,ISO27001:2022,item:A.5.16:rev_actual_timestamp,present,medium,## Sheet: Access Register PII Systems <table><tr><td>User ID</td><td>Name</td><td>System/Application</td><td>Role in System</td><td>Access Rights</td><td>Scope to PII</td><td>PII Role</td><td>Change T,fingerprint_match,2026-08-19 19:12:25.65492+00
ISO 27001 workbook Arion Networks.xlsm,A.5.16,ISO27001:2022,item:A.5.16:rev_sla_met,present,medium,## Sheet: Asset Register <table><tr><td>Asset ID</td><td>Asset Name</td><td>Asset_Type</td><td>Asset_Owner</td><td>Asset_Location</td><td>Asset Value</td><td>Confidentiality</td><td>Integrity</td><td>,fingerprint_match,2026-08-19 19:12:25.65492+00
ISO 27001 workbook Arion Networks.xlsm,A.5.16,ISO27001:2022,item:A.5.16:rev_residual_cleanup,present,medium,## Sheet: Access Register PII Systems <table><tr><td>User ID</td><td>Name</td><td>System/Application</td><td>Role in System</td><td>Access Rights</td><td>Scope to PII</td><td>PII Role</td><td>Change T,fingerprint_match,2026-08-19 19:12:25.65492+00
ISO 27001 workbook Arion Networks.xlsm,A.5.16,ISO27001:2022,item:A.5.16:rev_actions,present,medium,## Sheet: Access Register PII Systems <table><tr><td>User ID</td><td>Name</td><td>System/Application</td><td>Role in System</td><td>Access Rights</td><td>Scope to PII</td><td>PII Role</td><td>Change T,fingerprint_match,2026-08-19 19:12:25.65492+00
ISO 27001 workbook Arion Networks.xlsm,A.5.16,ISO27001:2022,item:A.5.16:rev_contractor_expiry,present,medium,## Sheet: Asset Register <table><tr><td>Asset ID</td><td>Asset Name</td><td>Asset_Type</td><td>Asset_Owner</td><td>Asset_Location</td><td>Asset Value</td><td>Confidentiality</td><td>Integrity</td><td>,fingerprint_match,2026-08-19 19:12:25.65492+00
ISO 27001 workbook Arion Networks.xlsm,A.5.16,ISO27001:2022,item:A.5.16:rev_service_hygiene,present,medium,## Sheet: Access Register PII Systems <table><tr><td>User ID</td><td>Name</td><td>System/Application</td><td>Role in System</td><td>Access Rights</td><td>Scope to PII</td><td>PII Role</td><td>Change T,fingerprint_match,2026-08-19 19:12:25.65492+00
ISO 27001 workbook Arion Networks.xlsm,A.5.16,ISO27001:2022,item:A.5.16:rev_termination_sla,present,medium,## Sheet: Asset Register <table><tr><td>Asset ID</td><td>Asset Name</td><td>Asset_Type</td><td>Asset_Owner</td><td>Asset_Location</td><td>Asset Value</td><td>Confidentiality</td><td>Integrity</td><td>,fingerprint_match,2026-08-19 19:12:25.65492+00
ISO 27001 workbook Arion Networks.xlsm,A.5.16,ISO27001:2022,item:A.5.16:rev_orphan_analysis,present,medium,## Sheet: Access Register PII Systems <table><tr><td>User ID</td><td>Name</td><td>System/Application</td><td>Role in System</td><td>Access Rights</td><td>Scope to PII</td><td>PII Role</td><td>Change T,fingerprint_match,2026-08-19 19:12:25.65492+00
ISO 27001 workbook Arion Networks.xlsm,A.5.16,ISO27001:2022,item:A.5.16:rev_reviewer,present,medium,Log Non-PII Systems <table><tr><td>System/Application Name</td><td>Users Reviewed</td><td>Findings</td><td>Reviewer</td><td>Review Date</td><td>Notes/Comments</td><td>Next Review Date</td></tr><tr><td,fingerprint_match,2026-08-19 19:12:25.65492+00
ISO 27001 workbook Arion Networks.xlsm,A.5.16,ISO27001:2022,item:A.5.16:reg_identity_type,present,medium,## Sheet: Access Register PII Systems <table><tr><td>User ID</td><td>Name</td><td>System/Application</td><td>Role in System</td><td>Access Rights</td><td>Scope to PII</td><td>PII Role</td><td>Change T,fingerprint_match,2026-08-19 19:12:25.65492+00
ISO 27001 workbook Arion Networks.xlsm,A.5.16,ISO27001:2022,item:A.5.16:reg_status,present,medium,Log Non-PII Systems <table><tr><td>System/Application Name</td><td>Users Reviewed</td><td>Findings</td><td>Reviewer</td><td>Review Date</td><td>Notes/Comments</td><td>Next Review Date</td></tr><tr><td,fingerprint_match,2026-08-19 19:12:25.65492+00
ISO 27001 workbook Arion Networks.xlsm,A.5.16,ISO27001:2022,item:A.5.16:reg_hr_link,present,medium,## Sheet: Asset Register <table><tr><td>Asset ID</td><td>Asset Name</td><td>Asset_Type</td><td>Asset_Owner</td><td>Asset_Location</td><td>Asset Value</td><td>Confidentiality</td><td>Integrity</td><td>,fingerprint_match,2026-08-19 19:12:25.65492+00
ISO 27001 workbook Arion Networks.xlsm,A.5.16,ISO27001:2022,item:A.5.16:reg_last_used,present,medium,## Sheet: Asset Register <table><tr><td>Asset ID</td><td>Asset Name</td><td>Asset_Type</td><td>Asset_Owner</td><td>Asset_Location</td><td>Asset Value</td><td>Confidentiality</td><td>Integrity</td><td>,fingerprint_match,2026-08-19 19:12:25.65492+00
ISO 27001 workbook Arion Networks.xlsm,A.5.16,ISO27001:2022,item:A.5.16:reg_created_modified,present,medium,## Sheet: Access Register PII Systems <table><tr><td>User ID</td><td>Name</td><td>System/Application</td><td>Role in System</td><td>Access Rights</td><td>Scope to PII</td><td>PII Role</td><td>Change T,fingerprint_match,2026-08-19 19:12:25.65492+00
ISO 27001 workbook Arion Networks.xlsm,A.5.16,ISO27001:2022,item:A.5.16:modification,present,medium,## Sheet: Access Register PII Systems <table><tr><td>User ID</td><td>Name</td><td>System/Application</td><td>Role in System</td><td>Access Rights</td><td>Scope to PII</td><td>PII Role</td><td>Change T,fingerprint_match,2026-08-19 19:12:25.65492+00
ISO 27001 workbook Arion Networks.xlsm,A.5.16,ISO27001:2022,item:A.5.16:termination,present,medium,## Sheet: Asset Register <table><tr><td>Asset ID</td><td>Asset Name</td><td>Asset_Type</td><td>Asset_Owner</td><td>Asset_Location</td><td>Asset Value</td><td>Confidentiality</td><td>Integrity</td><td>,fingerprint_match,2026-08-19 19:12:25.65492+00
ISO 27001 workbook Arion Networks.xlsm,A.5.16,ISO27001:2022,item:A.5.16:authn_link,present,medium,## Sheet: Asset Register <table><tr><td>Asset ID</td><td>Asset Name</td><td>Asset_Type</td><td>Asset_Owner</td><td>Asset_Location</td><td>Asset Value</td><td>Confidentiality</td><td>Integrity</td><td>,fingerprint_match,2026-08-19 19:12:25.65492+00
ISO 27001 workbook Arion Networks.xlsm,A.5.17,ISO27001:2022,item:A.5.17:rev_trigger_type,present,medium,## Sheet: Asset Register <table><tr><td>Asset ID</td><td>Asset Name</td><td>Asset_Type</td><td>Asset_Owner</td><td>Asset_Location</td><td>Asset Value</td><td>Confidentiality</td><td>Integrity</td><td>,fingerprint_match,2026-08-19 19:12:25.65492+00
ISO 27001 workbook Arion Networks.xlsm,A.5.17,ISO27001:2022,item:A.5.17:rev_replacement,present,medium,## Sheet: Asset Register <table><tr><td>Asset ID</td><td>Asset Name</td><td>Asset_Type</td><td>Asset_Owner</td><td>Asset_Location</td><td>Asset Value</td><td>Confidentiality</td><td>Integrity</td><td>,fingerprint_match,2026-08-19 19:12:25.65492+00
ISO 27001 workbook Arion Networks.xlsm,A.5.17,ISO27001:2022,item:A.5.17:rev_actions,present,medium,## Sheet: Audit Log - Risk Impact - High - Medium - Low <table><tr><td>Audit ID</td><td>Date</td><td>Scope</td><td>Auditor</td><td>Finding ID</td><td>Findings</td><td>Risk Impact</td><td>Corrective Ac,fingerprint_match,2026-08-19 19:12:25.65492+00
ISO 27001 workbook Arion Networks.xlsm,A.5.17,ISO27001:2022,item:A.5.17:rev_compromise_sample,present,medium,## Sheet: Audit Log - Risk Impact - High - Medium - Low <table><tr><td>Audit ID</td><td>Date</td><td>Scope</td><td>Auditor</td><td>Finding ID</td><td>Findings</td><td>Risk Impact</td><td>Corrective Ac,fingerprint_match,2026-08-19 19:12:25.65492+00
ISO 27001 workbook Arion Networks.xlsm,A.5.17,ISO27001:2022,item:A.5.17:rev_mfa_coverage,present,medium,## Sheet: Access Register PII Systems <table><tr><td>User ID</td><td>Name</td><td>System/Application</td><td>Role in System</td><td>Access Rights</td><td>Scope to PII</td><td>PII Role</td><td>Change T,fingerprint_match,2026-08-19 19:12:25.65492+00
ISO 27001 workbook Arion Networks.xlsm,A.5.17,ISO27001:2022,item:A.5.17:rev_rotation_compliance,present,medium,## Sheet: Asset Register <table><tr><td>Asset ID</td><td>Asset Name</td><td>Asset_Type</td><td>Asset_Owner</td><td>Asset_Location</td><td>Asset Value</td><td>Confidentiality</td><td>Integrity</td><td>,fingerprint_match,2026-08-19 19:12:25.65492+00
ISO 27001 workbook Arion Networks.xlsm,A.5.17,ISO27001:2022,item:A.5.17:rev_date,present,medium,## Sheet: Access Register PII Systems <table><tr><td>User ID</td><td>Name</td><td>System/Application</td><td>Role in System</td><td>Access Rights</td><td>Scope to PII</td><td>PII Role</td><td>Change T,fingerprint_match,2026-08-19 19:12:25.65492+00
ISO 27001 workbook Arion Networks.xlsm,A.5.17,ISO27001:2022,item:A.5.17:reg_credential_type,present,medium,## Sheet: Access Register PII Systems <table><tr><td>User ID</td><td>Name</td><td>System/Application</td><td>Role in System</td><td>Access Rights</td><td>Scope to PII</td><td>PII Role</td><td>Change T,fingerprint_match,2026-08-19 19:12:25.65492+00
ISO 27001 workbook Arion Networks.xlsm,A.5.17,ISO27001:2022,item:A.5.17:reg_mfa_required,present,medium,## Sheet: Access Register PII Systems <table><tr><td>User ID</td><td>Name</td><td>System/Application</td><td>Role in System</td><td>Access Rights</td><td>Scope to PII</td><td>PII Role</td><td>Change T,fingerprint_match,2026-08-19 19:12:25.65492+00
ISO 27001 workbook Arion Networks.xlsm,A.5.17,ISO27001:2022,item:A.5.17:transmission,present,medium,## Sheet: Asset Register <table><tr><td>Asset ID</td><td>Asset Name</td><td>Asset_Type</td><td>Asset_Owner</td><td>Asset_Location</td><td>Asset Value</td><td>Confidentiality</td><td>Integrity</td><td>,fingerprint_match,2026-08-19 19:12:25.65492+00
ISO 27001 workbook Arion Networks.xlsm,A.5.17,ISO27001:2022,item:A.5.17:mfa,present,medium,<table><tr><td>Asset ID</td><td>Asset Name</td><td>Asset Owner</td><td>Asset Type</td><td>Asset Location</td><td>Asset Value</td><td>Confidentiality</td><td>Integrity</td><td>Availability</td><td>Crit,fingerprint_match,2026-08-19 19:12:25.65492+00
ISO 27001 workbook Arion Networks.xlsm,A.5.17,ISO27001:2022,item:A.5.17:reset,present,medium,## Sheet: Asset Register <table><tr><td>Asset ID</td><td>Asset Name</td><td>Asset_Type</td><td>Asset_Owner</td><td>Asset_Location</td><td>Asset Value</td><td>Confidentiality</td><td>Integrity</td><td>,fingerprint_match,2026-08-19 19:12:25.65492+00
ISO 27001 workbook Arion Networks.xlsm,A.5.17,ISO27001:2022,item:A.5.17:compromise_response,present,medium,## Sheet: Asset Register <table><tr><td>Asset ID</td><td>Asset Name</td><td>Asset_Type</td><td>Asset_Owner</td><td>Asset_Location</td><td>Asset Value</td><td>Confidentiality</td><td>Integrity</td><td>,fingerprint_match,2026-08-19 19:12:25.65492+00
ISO 27001 workbook Arion Networks.xlsm,A.5.17,ISO27001:2022,item:A.5.17:user_advisory,present,medium,## Sheet: Asset Register <table><tr><td>Asset ID</td><td>Asset Name</td><td>Asset_Type</td><td>Asset_Owner</td><td>Asset_Location</td><td>Asset Value</td><td>Confidentiality</td><td>Integrity</td><td>,fingerprint_match,2026-08-19 19:12:25.65492+00
ISO 27001 workbook Arion Networks.xlsm,A.5.18,ISO27001:2022,item:A.5.18:rev_completeness,present,medium,## Sheet: Access Register PII Systems <table><tr><td>User ID</td><td>Name</td><td>System/Application</td><td>Role in System</td><td>Access Rights</td><td>Scope to PII</td><td>PII Role</td><td>Change T,fingerprint_match,2026-08-19 19:12:25.65492+00
ISO 27001 workbook Arion Networks.xlsm,A.5.18,ISO27001:2022,item:A.5.18:rev_identity_pair,present,medium,## Sheet: Access Register PII Systems <table><tr><td>User ID</td><td>Name</td><td>System/Application</td><td>Role in System</td><td>Access Rights</td><td>Scope to PII</td><td>PII Role</td><td>Change T,fingerprint_match,2026-08-19 19:12:25.65492+00
ISO 27001 workbook Arion Networks.xlsm,A.5.18,ISO27001:2022,item:A.5.18:rev_sla_met,present,medium,## Sheet: Access Register PII Systems <table><tr><td>User ID</td><td>Name</td><td>System/Application</td><td>Role in System</td><td>Access Rights</td><td>Scope to PII</td><td>PII Role</td><td>Change T,fingerprint_match,2026-08-19 19:12:25.65492+00
ISO 27001 workbook Arion Networks.xlsm,A.5.18,ISO27001:2022,item:A.5.18:rev_disabled_proof,present,medium,## Sheet: Access Register PII Systems <table><tr><td>User ID</td><td>Name</td><td>System/Application</td><td>Role in System</td><td>Access Rights</td><td>Scope to PII</td><td>PII Role</td><td>Change T,fingerprint_match,2026-08-19 19:12:25.65492+00
ISO 27001 workbook Arion Networks.xlsm,A.5.18,ISO27001:2022,item:A.5.18:rev_trigger,present,medium,## Sheet: Access Register PII Systems <table><tr><td>User ID</td><td>Name</td><td>System/Application</td><td>Role in System</td><td>Access Rights</td><td>Scope to PII</td><td>PII Role</td><td>Change T,fingerprint_match,2026-08-19 19:12:25.65492+00
ISO 27001 workbook Arion Networks.xlsm,A.5.18,ISO27001:2022,item:A.5.18:rev_coverage,present,medium,Log Non-PII Systems <table><tr><td>System/Application Name</td><td>Users Reviewed</td><td>Findings</td><td>Reviewer</td><td>Review Date</td><td>Notes/Comments</td><td>Next Review Date</td></tr><tr><td,fingerprint_match,2026-08-19 19:12:25.65492+00
ISO 27001 workbook Arion Networks.xlsm,A.5.18,ISO27001:2022,item:A.5.18:rev_actions,present,medium,"number of individuals)</td><td>Breach Classification (InfoSec inc., PII, both, non breach)</td><td>Supervisory Authority Notified (Y/N)</td><td>Data Subject NOtified (Y/N)</td><td>Date</td><td>PII Res",fingerprint_match,2026-08-19 19:12:25.65492+00
ISO 27001 workbook Arion Networks.xlsm,A.5.18,ISO27001:2022,item:A.5.18:rev_orphan_check,present,medium,Log Non-PII Systems <table><tr><td>System/Application Name</td><td>Users Reviewed</td><td>Findings</td><td>Reviewer</td><td>Review Date</td><td>Notes/Comments</td><td>Next Review Date</td></tr><tr><td,fingerprint_match,2026-08-19 19:12:25.65492+00
ISO 27001 workbook Arion Networks.xlsm,A.5.18,ISO27001:2022,item:A.5.18:reg_idmgmt_link,present,medium,## Sheet: Access Register PII Systems <table><tr><td>User ID</td><td>Name</td><td>System/Application</td><td>Role in System</td><td>Access Rights</td><td>Scope to PII</td><td>PII Role</td><td>Change T,fingerprint_match,2026-08-19 19:12:25.65492+00
ISO 27001 workbook Arion Networks.xlsm,A.5.18,ISO27001:2022,item:A.5.18:reg_grant_date,present,medium,## Sheet: Access Register PII Systems <table><tr><td>User ID</td><td>Name</td><td>System/Application</td><td>Role in System</td><td>Access Rights</td><td>Scope to PII</td><td>PII Role</td><td>Change T,fingerprint_match,2026-08-19 19:12:25.65492+00
ISO 27001 workbook Arion Networks.xlsm,A.5.18,ISO27001:2022,item:A.5.18:reg_status,present,medium,## Sheet: Audit Log - Risk Impact - High - Medium - Low <table><tr><td>Audit ID</td><td>Date</td><td>Scope</td><td>Auditor</td><td>Finding ID</td><td>Findings</td><td>Risk Impact</td><td>Corrective Ac,fingerprint_match,2026-08-19 19:12:25.65492+00
ISO 27001 workbook Arion Networks.xlsm,A.5.18,ISO27001:2022,item:A.5.18:policy_reference,present,medium,## Sheet: Asset Register <table><tr><td>Asset ID</td><td>Asset Name</td><td>Asset_Type</td><td>Asset_Owner</td><td>Asset_Location</td><td>Asset Value</td><td>Confidentiality</td><td>Integrity</td><td>,fingerprint_match,2026-08-19 19:12:25.65492+00
ISO 27001 workbook Arion Networks.xlsm,A.5.18,ISO27001:2022,item:A.5.18:least_privilege,present,medium,## Sheet: Access Register PII Systems <table><tr><td>User ID</td><td>Name</td><td>System/Application</td><td>Role in System</td><td>Access Rights</td><td>Scope to PII</td><td>PII Role</td><td>Change T,fingerprint_match,2026-08-19 19:12:25.65492+00
ISO 27001 workbook Arion Networks.xlsm,A.5.18,ISO27001:2022,item:A.5.18:modification_path,present,medium,## Sheet: Access Register PII Systems <table><tr><td>User ID</td><td>Name</td><td>System/Application</td><td>Role in System</td><td>Access Rights</td><td>Scope to PII</td><td>PII Role</td><td>Change T,fingerprint_match,2026-08-19 19:12:25.65492+00
ISO 27001 workbook Arion Networks.xlsm,A.5.18,ISO27001:2022,item:A.5.18:privileged_route,present,medium,## Sheet: Access Register PII Systems <table><tr><td>User ID</td><td>Name</td><td>System/Application</td><td>Role in System</td><td>Access Rights</td><td>Scope to PII</td><td>PII Role</td><td>Change T,fingerprint_match,2026-08-19 19:12:25.65492+00
ISO 27001 workbook Arion Networks.xlsm,A.5.18,ISO27001:2022,item:A.5.18:service_account_handling,present,medium,## Sheet: Access Register PII Systems <table><tr><td>User ID</td><td>Name</td><td>System/Application</td><td>Role in System</td><td>Access Rights</td><td>Scope to PII</td><td>PII Role</td><td>Change T,fingerprint_match,2026-08-19 19:12:25.65492+00
ISO 27001 workbook Arion Networks.xlsm,A.5.18,ISO27001:2022,item:A.5.18:sla_targets,present,medium,## Sheet: Asset Register <table><tr><td>Asset ID</td><td>Asset Name</td><td>Asset_Type</td><td>Asset_Owner</td><td>Asset_Location</td><td>Asset Value</td><td>Confidentiality</td><td>Integrity</td><td>,fingerprint_match,2026-08-19 19:12:25.65492+00
ISO 27001 workbook Arion Networks.xlsm,A.5.34,ISO27001:2022,item:A.5.34:rev_register_update,present,medium,## Sheet: Access Register PII Systems <table><tr><td>User ID</td><td>Name</td><td>System/Application</td><td>Role in System</td><td>Access Rights</td><td>Scope to PII</td><td>PII Role</td><td>Change T,fingerprint_match,2026-08-19 19:12:25.65492+00
ISO 27001 workbook Arion Networks.xlsm,A.5.34,ISO27001:2022,item:A.5.34:rev_breach_history,present,medium,Annual security awareness training completed</td></tr><tr><td>R008</td><td>AC008</td><td>Implement msft defender or similar</td><td>Provide security awareness training</td><td>Malware or ransomware in,fingerprint_match,2026-08-19 19:12:25.65492+00
ISO 27001 workbook Arion Networks.xlsm,A.5.34,ISO27001:2022,item:A.5.34:rev_dsar_metrics,present,medium,## Sheet: Asset Register <table><tr><td>Asset ID</td><td>Asset Name</td><td>Asset_Type</td><td>Asset_Owner</td><td>Asset_Location</td><td>Asset Value</td><td>Confidentiality</td><td>Integrity</td><td>,fingerprint_match,2026-08-19 19:12:25.65492+00
ISO 27001 workbook Arion Networks.xlsm,A.5.34,ISO27001:2022,item:A.5.34:rev_scope_check,present,medium,## Sheet: Access Register PII Systems <table><tr><td>User ID</td><td>Name</td><td>System/Application</td><td>Role in System</td><td>Access Rights</td><td>Scope to PII</td><td>PII Role</td><td>Change T,fingerprint_match,2026-08-19 19:12:25.65492+00
ISO 27001 workbook Arion Networks.xlsm,A.5.34,ISO27001:2022,item:A.5.34:scope_jurisdictions,present,medium,## Sheet: Access Register PII Systems <table><tr><td>User ID</td><td>Name</td><td>System/Application</td><td>Role in System</td><td>Access Rights</td><td>Scope to PII</td><td>PII Role</td><td>Change T,fingerprint_match,2026-08-19 19:12:25.65492+00
ISO 27001 workbook Arion Networks.xlsm,A.5.34,ISO27001:2022,item:A.5.34:scope_data_subjects,present,medium,## Sheet: Access Register PII Systems <table><tr><td>User ID</td><td>Name</td><td>System/Application</td><td>Role in System</td><td>Access Rights</td><td>Scope to PII</td><td>PII Role</td><td>Change T,fingerprint_match,2026-08-19 19:12:25.65492+00
ISO 27001 workbook Arion Networks.xlsm,A.5.34,ISO27001:2022,item:A.5.34:reg_transfers,present,medium,<table><tr><td>Asset ID</td><td>Asset Name</td><td>Asset Owner</td><td>Asset Type</td><td>Asset Location</td><td>Asset Value</td><td>Confidentiality</td><td>Integrity</td><td>Availability</td><td>Crit,fingerprint_match,2026-08-19 19:12:25.65492+00
ISO 27001 workbook Arion Networks.xlsm,A.5.34,ISO27001:2022,item:A.5.34:reg_controls_applied,present,medium,or 7yrs after cessation of ISMS/PIMS</td></tr><tr><td>A017</td><td>Shareholders/Investors</td><td>People</td><td>Management Team</td><td>Global</td><td>High</td><td>High</td><td>High</td><td>Medium</t,fingerprint_match,2026-08-19 19:12:25.65492+00
ISO 27001 workbook Arion Networks.xlsm,A.5.34,ISO27001:2022,item:A.5.34:reg_lawful_basis,present,medium,## Sheet: Asset Register <table><tr><td>Asset ID</td><td>Asset Name</td><td>Asset_Type</td><td>Asset_Owner</td><td>Asset_Location</td><td>Asset Value</td><td>Confidentiality</td><td>Integrity</td><td>,fingerprint_match,2026-08-19 19:12:25.65492+00
ISO 27001 workbook Arion Networks.xlsm,A.5.34,ISO27001:2022,item:A.5.34:reg_purposes,present,medium,## Sheet: Asset Register <table><tr><td>Asset ID</td><td>Asset Name</td><td>Asset_Type</td><td>Asset_Owner</td><td>Asset_Location</td><td>Asset Value</td><td>Confidentiality</td><td>Integrity</td><td>,fingerprint_match,2026-08-19 19:12:25.65492+00
ISO 27001 workbook Arion Networks.xlsm,A.5.34,ISO27001:2022,item:A.5.34:reg_data_subjects,present,medium,## Sheet: Access Register PII Systems <table><tr><td>User ID</td><td>Name</td><td>System/Application</td><td>Role in System</td><td>Access Rights</td><td>Scope to PII</td><td>PII Role</td><td>Change T,fingerprint_match,2026-08-19 19:12:25.65492+00
ISO 27001 workbook Arion Networks.xlsm,A.5.34,ISO27001:2022,item:A.5.34:lawful_basis,present,medium,## Sheet: Asset Register <table><tr><td>Asset ID</td><td>Asset Name</td><td>Asset_Type</td><td>Asset_Owner</td><td>Asset_Location</td><td>Asset Value</td><td>Confidentiality</td><td>Integrity</td><td>,fingerprint_match,2026-08-19 19:12:25.65492+00
ISO 27001 workbook Arion Networks.xlsm,A.5.34,ISO27001:2022,item:A.5.34:data_subject_rights,present,medium,## Sheet: Access Register PII Systems <table><tr><td>User ID</td><td>Name</td><td>System/Application</td><td>Role in System</td><td>Access Rights</td><td>Scope to PII</td><td>PII Role</td><td>Change T,fingerprint_match,2026-08-19 19:12:25.65492+00
ISO 27001 workbook Arion Networks.xlsm,A.5.34,ISO27001:2022,item:A.5.34:retention_minimisation,present,medium,## Sheet: Access Register PII Systems <table><tr><td>User ID</td><td>Name</td><td>System/Application</td><td>Role in System</td><td>Access Rights</td><td>Scope to PII</td><td>PII Role</td><td>Change T,fingerprint_match,2026-08-19 19:12:25.65492+00
ISO 27001 workbook Arion Networks.xlsm,A.5.34,ISO27001:2022,item:A.5.34:security_controls_ref,present,medium,## Sheet: Access Register PII Systems <table><tr><td>User ID</td><td>Name</td><td>System/Application</td><td>Role in System</td><td>Access Rights</td><td>Scope to PII</td><td>PII Role</td><td>Change T,fingerprint_match,2026-08-19 19:12:25.65492+00
ISO 27001 workbook Arion Networks.xlsm,A.5.34,ISO27001:2022,item:A.5.34:breach_handling,present,medium,## Sheet: Access Register PII Systems <table><tr><td>User ID</td><td>Name</td><td>System/Application</td><td>Role in System</td><td>Access Rights</td><td>Scope to PII</td><td>PII Role</td><td>Change T,fingerprint_match,2026-08-19 19:12:25.65492+00
ISO 27001 workbook Arion Networks.xlsm,A.6.1,ISO27001:2022,item:A.6.1:rev_register_update,present,medium,## Sheet: Access Register PII Systems <table><tr><td>User ID</td><td>Name</td><td>System/Application</td><td>Role in System</td><td>Access Rights</td><td>Scope to PII</td><td>PII Role</td><td>Change T,fingerprint_match,2026-08-19 19:12:25.65492+00
ISO 27001 workbook Arion Networks.xlsm,A.6.1,ISO27001:2022,item:A.6.1:rev_rescreen_status,present,medium,## Sheet: Access Register PII Systems <table><tr><td>User ID</td><td>Name</td><td>System/Application</td><td>Role in System</td><td>Access Rights</td><td>Scope to PII</td><td>PII Role</td><td>Change T,fingerprint_match,2026-08-19 19:12:25.65492+00
ISO 27001 workbook Arion Networks.xlsm,A.6.1,ISO27001:2022,item:A.6.1:rev_scope_check,present,medium,## Sheet: Change Mgmt Log <table><tr><td>Change ID</td><td>Change Type</td><td>Status</td><td>Change owner</td><td>Change requestor</td><td>Date of Request</td><td>Change Description</td><td>Justifica,fingerprint_match,2026-08-19 19:12:25.65492+00
ISO 27001 workbook Arion Networks.xlsm,A.7.2,ISO27001:2022,item:A.7.2:rev_register_update,present,medium,## Sheet: Access Register PII Systems <table><tr><td>User ID</td><td>Name</td><td>System/Application</td><td>Role in System</td><td>Access Rights</td><td>Scope to PII</td><td>PII Role</td><td>Change T,fingerprint_match,2026-08-19 19:12:25.65492+00
ISO 27001 workbook Arion Networks.xlsm,A.7.4,ISO27001:2022,item:A.7.4:rev_register_update,present,medium,## Sheet: Access Register PII Systems <table><tr><td>User ID</td><td>Name</td><td>System/Application</td><td>Role in System</td><td>Access Rights</td><td>Scope to PII</td><td>PII Role</td><td>Change T,fingerprint_match,2026-08-19 19:12:25.65492+00
ISO 27001 workbook Arion Networks.xlsm,A.7.4,ISO27001:2022,item:A.7.4:rev_coverage_check,present,medium,## Sheet: Access Register PII Systems <table><tr><td>User ID</td><td>Name</td><td>System/Application</td><td>Role in System</td><td>Access Rights</td><td>Scope to PII</td><td>PII Role</td><td>Change T,fingerprint_match,2026-08-19 19:12:25.65492+00
ISO 27001 workbook Arion Networks.xlsm,A.7.4,ISO27001:2022,item:A.7.4:rev_response_sla,present,medium,## Sheet: Asset Register <table><tr><td>Asset ID</td><td>Asset Name</td><td>Asset_Type</td><td>Asset_Owner</td><td>Asset_Location</td><td>Asset Value</td><td>Confidentiality</td><td>Integrity</td><td>,fingerprint_match,2026-08-19 19:12:25.65492+00
ISO 27001 workbook Arion Networks.xlsm,A.7.6,ISO27001:2022,item:A.7.6:rev_incidents,present,medium,## Sheet: Access Register PII Systems <table><tr><td>User ID</td><td>Name</td><td>System/Application</td><td>Role in System</td><td>Access Rights</td><td>Scope to PII</td><td>PII Role</td><td>Change T,fingerprint_match,2026-08-19 19:12:25.65492+00
ISO 27001 workbook Arion Networks.xlsm,A.7.6,ISO27001:2022,item:A.7.6:rev_compliance_check,present,medium,<table><tr><td>Document ID</td><td>Change ID</td><td>Owner</td><td>Document Title</td><td>Major Version No.</td><td>Minor Version Number</td><td>Document Status</td><td>Appproval Status</td><td>Approv,fingerprint_match,2026-08-19 19:12:25.65492+00
ISO 27001 workbook Arion Networks.xlsm,A.8.1,ISO27001:2022,item:A.8.1:rev_scope_check,present,medium,## Sheet: Asset Register <table><tr><td>Asset ID</td><td>Asset Name</td><td>Asset_Type</td><td>Asset_Owner</td><td>Asset_Location</td><td>Asset Value</td><td>Confidentiality</td><td>Integrity</td><td>,fingerprint_match,2026-08-19 19:12:25.65492+00
ISO 27001 workbook Arion Networks.xlsm,A.8.2,ISO27001:2022,item:A.8.2:rc_sla_met,present,medium,## Sheet: Access Register PII Systems <table><tr><td>User ID</td><td>Name</td><td>System/Application</td><td>Role in System</td><td>Access Rights</td><td>Scope to PII</td><td>PII Role</td><td>Change T,fingerprint_match,2026-08-19 19:12:25.65492+00
ISO 27001 workbook Arion Networks.xlsm,A.8.2,ISO27001:2022,item:A.8.2:log_what,present,medium,## Sheet: Access Register PII Systems <table><tr><td>User ID</td><td>Name</td><td>System/Application</td><td>Role in System</td><td>Access Rights</td><td>Scope to PII</td><td>PII Role</td><td>Change T,fingerprint_match,2026-08-19 19:12:25.65492+00
ISO 27001 workbook Arion Networks.xlsm,A.8.2,ISO27001:2022,item:A.8.2:log_when,present,medium,## Sheet: Access Register PII Systems <table><tr><td>User ID</td><td>Name</td><td>System/Application</td><td>Role in System</td><td>Access Rights</td><td>Scope to PII</td><td>PII Role</td><td>Change T,fingerprint_match,2026-08-19 19:12:25.65492+00
ISO 27001 workbook Arion Networks.xlsm,A.8.2,ISO27001:2022,item:A.8.2:log_retention,present,medium,## Sheet: Access Register PII Systems <table><tr><td>User ID</td><td>Name</td><td>System/Application</td><td>Role in System</td><td>Access Rights</td><td>Scope to PII</td><td>PII Role</td><td>Change T,fingerprint_match,2026-08-19 19:12:25.65492+00
ISO 27001 workbook Arion Networks.xlsm,A.8.2,ISO27001:2022,item:A.8.2:log_tamper_protect,present,medium,## Sheet: Access Register PII Systems <table><tr><td>User ID</td><td>Name</td><td>System/Application</td><td>Role in System</td><td>Access Rights</td><td>Scope to PII</td><td>PII Role</td><td>Change T,fingerprint_match,2026-08-19 19:12:25.65492+00
ISO 27001 workbook Arion Networks.xlsm,A.8.2,ISO27001:2022,item:A.8.2:bl_strong_auth,present,medium,## Sheet: Access Register PII Systems <table><tr><td>User ID</td><td>Name</td><td>System/Application</td><td>Role in System</td><td>Access Rights</td><td>Scope to PII</td><td>PII Role</td><td>Change T,fingerprint_match,2026-08-19 19:12:25.65492+00
ISO 27001 workbook Arion Networks.xlsm,A.8.2,ISO27001:2022,item:A.8.2:proc_need_to_use,present,medium,## Sheet: Access Register PII Systems <table><tr><td>User ID</td><td>Name</td><td>System/Application</td><td>Role in System</td><td>Access Rights</td><td>Scope to PII</td><td>PII Role</td><td>Change T,fingerprint_match,2026-08-19 19:12:25.65492+00
ISO 27001 workbook Arion Networks.xlsm,A.8.2,ISO27001:2022,item:A.8.2:proc_separate_accounts,present,medium,## Sheet: Access Register PII Systems <table><tr><td>User ID</td><td>Name</td><td>System/Application</td><td>Role in System</td><td>Access Rights</td><td>Scope to PII</td><td>PII Role</td><td>Change T,fingerprint_match,2026-08-19 19:12:25.65492+00
ISO 27001 workbook Arion Networks.xlsm,A.8.2,ISO27001:2022,item:A.8.2:proc_accountability,present,medium,## Sheet: Access Register PII Systems <table><tr><td>User ID</td><td>Name</td><td>System/Application</td><td>Role in System</td><td>Access Rights</td><td>Scope to PII</td><td>PII Role</td><td>Change T,fingerprint_match,2026-08-19 19:12:25.65492+00
ISO 27001 workbook Arion Networks.xlsm,A.8.3,ISO27001:2022,item:A.8.3:rev_register_update,present,medium,## Sheet: Access Register PII Systems <table><tr><td>User ID</td><td>Name</td><td>System/Application</td><td>Role in System</td><td>Access Rights</td><td>Scope to PII</td><td>PII Role</td><td>Change T,fingerprint_match,2026-08-19 19:12:25.65492+00
ISO 27001 workbook Arion Networks.xlsm,A.8.3,ISO27001:2022,item:A.8.3:rev_recert_compliance,present,high,"Access register finalized, unnecessary users removed, Entra Admin Center restricted to admins only, quarterly review cycle implemented",extracted,2026-08-19 19:12:25.65492+00
ISO 27001 workbook Arion Networks.xlsm,A.8.3,ISO27001:2022,item:A.8.3:rev_coverage_check,present,medium,## Sheet: Access Register PII Systems <table><tr><td>User ID</td><td>Name</td><td>System/Application</td><td>Role in System</td><td>Access Rights</td><td>Scope to PII</td><td>PII Role</td><td>Change T,fingerprint_match,2026-08-19 19:12:25.65492+00
ISO 27001 workbook Arion Networks.xlsm,A.8.3,ISO27001:2022,item:A.8.3:rev_date,present,medium,## Sheet: Access Register PII Systems <table><tr><td>User ID</td><td>Name</td><td>System/Application</td><td>Role in System</td><td>Access Rights</td><td>Scope to PII</td><td>PII Role</td><td>Change T,fingerprint_match,2026-08-19 19:12:25.65492+00
ISO 27001 workbook Arion Networks.xlsm,A.8.5,ISO27001:2022,item:A.8.5:rev_threat_landscape,present,medium,AI usage policy already defined in DOC003 section 3.24 (prohibits PII processing)</td><td>2025-11-06 00:00:00</td></tr><tr><td>MR002</td><td>Create and deliver first ISMS Workbook usage training</td><,fingerprint_match,2026-08-19 19:12:25.65492+00
ISO 27001 workbook Arion Networks.xlsm,A.8.5,ISO27001:2022,item:A.8.5:rev_date,present,medium,## Sheet: Access Register PII Systems <table><tr><td>User ID</td><td>Name</td><td>System/Application</td><td>Role in System</td><td>Access Rights</td><td>Scope to PII</td><td>PII Role</td><td>Change T,fingerprint_match,2026-08-19 19:12:25.65492+00
ISO 27001 workbook Arion Networks.xlsm,A.8.5,ISO27001:2022,item:A.8.5:log_auth_events,present,medium,## Sheet: Access Register PII Systems <table><tr><td>User ID</td><td>Name</td><td>System/Application</td><td>Role in System</td><td>Access Rights</td><td>Scope to PII</td><td>PII Role</td><td>Change T,fingerprint_match,2026-08-19 19:12:25.65492+00
ISO 27001 workbook Arion Networks.xlsm,A.8.5,ISO27001:2022,item:A.8.5:log_retention,present,medium,Log Non-PII Systems <table><tr><td>System/Application Name</td><td>Users Reviewed</td><td>Findings</td><td>Reviewer</td><td>Review Date</td><td>Notes/Comments</td><td>Next Review Date</td></tr><tr><td,fingerprint_match,2026-08-19 19:12:25.65492+00
ISO 27001 workbook Arion Networks.xlsm,A.8.5,ISO27001:2022,item:A.8.5:proc_a517_linkage,present,medium,**Hyperlinks in Access Register PII Systems:** - [amit.s@labguide.io](mailto:amit.s@labguide.io) (cell A5) - [albert.z@labguide.io](mailto:albert.z@labguide.io) (cell A8) - [andriy.d@labguide.io](mail,fingerprint_match,2026-08-19 19:12:25.65492+00
ISO 27001 workbook Arion Networks.xlsm,A.8.5,ISO27001:2022,item:A.8.5:bl_factor_requirements,present,medium,## Sheet: Access Register PII Systems <table><tr><td>User ID</td><td>Name</td><td>System/Application</td><td>Role in System</td><td>Access Rights</td><td>Scope to PII</td><td>PII Role</td><td>Change T,fingerprint_match,2026-08-19 19:12:25.65492+00
ISO 27001 workbook Arion Networks.xlsm,A.8.5,ISO27001:2022,item:A.8.5:bl_mfa_scope,present,medium,## Sheet: Access Register PII Systems <table><tr><td>User ID</td><td>Name</td><td>System/Application</td><td>Role in System</td><td>Access Rights</td><td>Scope to PII</td><td>PII Role</td><td>Change T,fingerprint_match,2026-08-19 19:12:25.65492+00
ISO 27001 workbook Arion Networks.xlsm,A.8.11,ISO27001:2022,item:A.8.11:rev_register_currency,present,medium,## Sheet: Audit Log - Risk Impact - High - Medium - Low <table><tr><td>Audit ID</td><td>Date</td><td>Scope</td><td>Auditor</td><td>Finding ID</td><td>Findings</td><td>Risk Impact</td><td>Corrective Ac,fingerprint_match,2026-08-19 19:12:25.65492+00
ISO 27001 workbook Arion Networks.xlsm,A.8.11,ISO27001:2022,item:A.8.11:rev_effectiveness,present,medium,## Sheet: Access Register PII Systems <table><tr><td>User ID</td><td>Name</td><td>System/Application</td><td>Role in System</td><td>Access Rights</td><td>Scope to PII</td><td>PII Role</td><td>Change T,fingerprint_match,2026-08-19 19:12:25.65492+00
ISO 27001 workbook Arion Networks.xlsm,A.8.18,ISO27001:2022,item:A.8.18:rev_findings_update,present,medium,## Sheet: Access Register PII Systems <table><tr><td>User ID</td><td>Name</td><td>System/Application</td><td>Role in System</td><td>Access Rights</td><td>Scope to PII</td><td>PII Role</td><td>Change T,fingerprint_match,2026-08-19 19:12:25.65492+00
ISO 27001 workbook Arion Networks.xlsm,A.8.26,ISO27001:2022,item:A.8.26:rev_traceability_sample,present,medium,<table><tr><td>Document ID</td><td>Change ID</td><td>Owner</td><td>Document Title</td><td>Major Version No.</td><td>Minor Version Number</td><td>Document Status</td><td>Appproval Status</td><td>Approv,fingerprint_match,2026-08-19 19:12:25.65492+00
ISO 27001 workbook Arion Networks.xlsm,A.8.26,ISO27001:2022,item:A.8.26:rev_catalogue_currency,present,medium,## Sheet: Access Register PII Systems <table><tr><td>User ID</td><td>Name</td><td>System/Application</td><td>Role in System</td><td>Access Rights</td><td>Scope to PII</td><td>PII Role</td><td>Change T,fingerprint_match,2026-08-19 19:12:25.65492+00
ISO 27001 workbook Arion Networks.xlsm,A.8.34,ISO27001:2022,item:A.8.34:rev_findings_update,present,medium,Log Non-PII Systems <table><tr><td>System/Application Name</td><td>Users Reviewed</td><td>Findings</td><td>Reviewer</td><td>Review Date</td><td>Notes/Comments</td><td>Next Review Date</td></tr><tr><td,fingerprint_match,2026-08-19 19:12:25.65492+00
ISO 27001 workbook Arion Networks.xlsm,A.8.34,ISO27001:2022,item:A.8.34:rev_rollback_compliance,present,medium,## Sheet: Asset Register <table><tr><td>Asset ID</td><td>Asset Name</td><td>Asset_Type</td><td>Asset_Owner</td><td>Asset_Location</td><td>Asset Value</td><td>Confidentiality</td><td>Integrity</td><td>,fingerprint_match,2026-08-19 19:12:25.65492+00
ISO 27001 workbook Arion Networks.xlsm,A.8.34,ISO27001:2022,item:A.8.34:rev_register_completeness,present,medium,## Sheet: Access Register PII Systems <table><tr><td>User ID</td><td>Name</td><td>System/Application</td><td>Role in System</td><td>Access Rights</td><td>Scope to PII</td><td>PII Role</td><td>Change T,fingerprint_match,2026-08-19 19:12:25.65492+00
ISO 27001 workbook Arion Networks.xlsm,A.8.34,ISO27001:2022,item:A.8.34:rev_date,present,medium,## Sheet: Access Register PII Systems <table><tr><td>User ID</td><td>Name</td><td>System/Application</td><td>Role in System</td><td>Access Rights</td><td>Scope to PII</td><td>PII Role</td><td>Change T,fingerprint_match,2026-08-19 19:12:25.65492+00
ISO 27001 workbook Arion Networks.xlsm,A.5.10,ISO27001:2022,item:A.5.10:review_outcome,present,medium,## Sheet: Access Register PII Systems <table><tr><td>User ID</td><td>Name</td><td>System/Application</td><td>Role in System</td><td>Access Rights</td><td>Scope to PII</td><td>PII Role</td><td>Change T,fingerprint_match,2026-08-19 19:12:25.65492+00
ISO 27001 workbook Arion Networks.xlsm,A.5.10,ISO27001:2022,item:A.5.10:approval_date,present,medium,## Sheet: Access Register PII Systems <table><tr><td>User ID</td><td>Name</td><td>System/Application</td><td>Role in System</td><td>Access Rights</td><td>Scope to PII</td><td>PII Role</td><td>Change T,fingerprint_match,2026-08-19 19:12:25.65492+00
ISO 27001 workbook Arion Networks.xlsm,A.5.10,ISO27001:2022,item:A.5.10:approval_target,present,medium,## Sheet: Access Register PII Systems <table><tr><td>User ID</td><td>Name</td><td>System/Application</td><td>Role in System</td><td>Access Rights</td><td>Scope to PII</td><td>PII Role</td><td>Change T,fingerprint_match,2026-08-19 19:12:25.65492+00
ISO 27001 workbook Arion Networks.xlsm,A.5.10,ISO27001:2022,item:A.5.10:acceptable_uses,present,medium,## Sheet: Access Register PII Systems <table><tr><td>User ID</td><td>Name</td><td>System/Application</td><td>Role in System</td><td>Access Rights</td><td>Scope to PII</td><td>PII Role</td><td>Change T,fingerprint_match,2026-08-19 19:12:25.65492+00
ISO 27001 workbook Arion Networks.xlsm,A.5.10,ISO27001:2022,item:A.5.10:handling_procedures,present,medium,## Sheet: Access Register PII Systems <table><tr><td>User ID</td><td>Name</td><td>System/Application</td><td>Role in System</td><td>Access Rights</td><td>Scope to PII</td><td>PII Role</td><td>Change T,fingerprint_match,2026-08-19 19:12:25.65492+00
ISO 27001 workbook Arion Networks.xlsm,A.5.10,ISO27001:2022,item:A.5.10:monitoring,present,medium,## Sheet: Access Register PII Systems <table><tr><td>User ID</td><td>Name</td><td>System/Application</td><td>Role in System</td><td>Access Rights</td><td>Scope to PII</td><td>PII Role</td><td>Change T,fingerprint_match,2026-08-19 19:12:25.65492+00
ISO 27001 workbook Arion Networks.xlsm,5.3,ISO27001:2022,item:5.3:rev_a52_alignment,present,medium,## Sheet: Access Register PII Systems <table><tr><td>User ID</td><td>Name</td><td>System/Application</td><td>Role in System</td><td>Access Rights</td><td>Scope to PII</td><td>PII Role</td><td>Change T,fingerprint_match,2026-08-19 19:12:25.65492+00
ISO 27001 workbook Arion Networks.xlsm,5.3,ISO27001:2022,item:5.3:rev_change_log,present,medium,## Sheet: Access Register PII Systems <table><tr><td>User ID</td><td>Name</td><td>System/Application</td><td>Role in System</td><td>Access Rights</td><td>Scope to PII</td><td>PII Role</td><td>Change T,fingerprint_match,2026-08-19 19:12:25.65492+00
ISO 27001 workbook Arion Networks.xlsm,5.3,ISO27001:2022,item:5.3:rev_currency,present,medium,## Sheet: Access Register PII Systems <table><tr><td>User ID</td><td>Name</td><td>System/Application</td><td>Role in System</td><td>Access Rights</td><td>Scope to PII</td><td>PII Role</td><td>Change T,fingerprint_match,2026-08-19 19:12:25.65492+00
ISO 27001 workbook Arion Networks.xlsm,A.6.1,ISO27001:2022,item:A.6.1:rev_register_check,present,medium,"Requirements: NDA, Access Registry entry, Security Training, BYOD compliance",extracted,2026-08-19 19:12:25.65492+00
ISO 27001 workbook Arion Networks.xlsm,A.5.12,ISO27001:2022,,present,high,Sensitivity classification and doument labelling implemented in all sharepoint sites,extracted,2026-08-19 19:12:25.65492+00
ISO 27001 workbook Arion Networks.xlsm,A.6.3,ISO27001:2022,,present,high,Conduct mandatory phishing simulations and quarterly security awareness training for staff.,extracted,2026-08-19 19:12:25.65492+00
ISO 27001 workbook Arion Networks.xlsm,A.6.6,ISO27001:2022,,present,high,"Requirements: NDA, Access Registry entry, Security Training, BYOD compliance",extracted,2026-08-19 19:12:25.65492+00
ISO 27001 workbook Arion Networks.xlsm,A.6.5,ISO27001:2022,,present,high,13 unactive accounts disabled and deleted,extracted,2026-08-19 19:12:25.65492+00
ISO 27001 workbook Arion Networks.xlsm,A.8.13,ISO27001:2022,,present,high,Implement automated daily backups as a matter of policy by project manager with monthly restore tests. Can utilize Onedrive,extracted,2026-08-19 19:12:25.65492+00
ISO 27001 workbook Arion Networks.xlsm,A.8.14,ISO27001:2022,,present,high,We are relying on MSFT and Odoo native redundancy functions,extracted,2026-08-19 19:12:25.65492+00
ISO 27001 workbook Arion Networks.xlsm,A.8.7,ISO27001:2022,,present,high,Antivirus mandatory per BYOD policy; M365/Azure anti-malware enabled; training delivered.,extracted,2026-08-19 19:12:25.65492+00
ISO 27001 workbook Arion Networks.xlsm,A.5.1,ISO27001:2022,,present,high,Privacy and Information Security and Data Management Policy,extracted,2026-08-19 19:12:25.65492+00
ISO 27001 workbook Arion Networks.xlsm,A.5.24,ISO27001:2022,,present,medium,Incident response drill planned but not done or documented for Q1 2025,extracted,2026-08-19 19:12:25.65492+00
ISO 27001 workbook Arion Networks.xlsm,A.8.15,ISO27001:2022,,present,high,We are relying on MSFT and Odoo native logging functions,extracted,2026-08-19 19:12:25.65492+00
ISO 27001 workbook Arion Networks.xlsm,A.7.3.4,ISO27701:2019,item:A.7.3.4:proc_channel_parity,present,medium,[Bridge: 27701 A.7.3.4 consent modify / withdraw depends on identifying + authenticating the PII principal — 27001 A.5.16 identity management is the general control the extension leverages.] ## Sheet:,xfw_bridge,2026-08-19 19:12:26.30464+00
